"05785afc-330c-4da2-be8d-b66eae6be2fe","46e85c43-b03e-4c3c-835e-dc7a752925a1"
"05785afc-330c-4da2-be8d-b66eae6be2fe","47cd6837-6d5a-444a-9764-c70b9c382774"
"05785afc-330c-4da2-be8d-b66eae6be2fe","4e95a083-5e4f-4eed-888b-808920025633"
"05785afc-330c-4da2-be8d-b66eae6be2fe","f8d1b331-6277-4921-8693-a2fa56edf686"
"829eb985-ccb5-4fa6-9b00-623675350183","0da08b88-18e6-461a-8a5e-df541439e476"
"829eb985-ccb5-4fa6-9b00-623675350183","2b09b97c-7f29-4058-b139-042481d7af15"
"829eb985-ccb5-4fa6-9b00-623675350183","8650938c-5469-45f0-9d61-815c8af5471d"
"829eb985-ccb5-4fa6-9b00-623675350183","8f8ca26a-da30-4f0b-8f53-13f5de571cfd"
"829eb985-ccb5-4fa6-9b00-623675350183","ab55d78e-5833-48af-b4af-82569b08912c"
"9d05a005-74a3-4b9e-b85b-5ea7c89435af","0a1a2d07-b32f-4c92-81d2-d1572d76e782"
"9d05a005-74a3-4b9e-b85b-5ea7c89435af","47e55ba8-4741-48ba-84cc-e7ec2d3ee492"
"9d05a005-74a3-4b9e-b85b-5ea7c89435af","78c0ea53-ae55-4542-bb02-4d2cc50a14d5"
"9d05a005-74a3-4b9e-b85b-5ea7c89435af","9db179a0-6465-4ac1-ae26-f1776519aa27"
"9d05a005-74a3-4b9e-b85b-5ea7c89435af","c9ec7915-cad6-418c-97b8-3c37a1f66e11"
