"b78a25d5-ef38-4a0e-a1b0-17faa0408e7b","01b8cb1d-bf66-469a-a3c6-e11c2f2c75f5"
"ca506fc3-319b-4102-8ded-433454a43cb4","219b8510-72f4-46e3-9735-9955f4b2ac0a"
"96561ed5-d285-431f-88ec-13a78683544c","27365a4c-a049-463a-98ba-849936c49195"
"cb03916c-c17b-4bfb-bdda-5f106c11c2a8","2cc9f4ba-6fa7-4a99-a015-30d2a11898f2"
"58f4c3a7-55b3-464e-8683-5621d73aa8a4","463a5ee9-b018-4268-9f37-e3469fe75e81"
"04cc5651-b841-4635-8229-f4fb65b87e3a","54cba09e-deea-4e76-83f3-7f57e67f133f"
"9241d1e4-2ed4-4cc2-8a23-ec59f72b0b2f","69cb70f1-9040-4a48-900c-1ea1cd01970a"
"c9fdd0b6-de5b-427e-b0fc-794049da7149","722862c1-4f5a-4960-b6d6-3694807d2c14"
"b68e9923-6d06-4034-a3c5-835e4bd4af32","79fa4991-1f65-435f-978b-a9a464884f6a"
"068cb100-6141-4bc2-9a91-b3c8f2d46104","82324543-8553-4433-ad02-9590662d058b"
"82bae8c4-ca3b-4226-b15f-036d0a1d08d3","91130d3b-2aa1-4a72-8404-05d736c08a9b"
"3ef94f55-65b8-4c0c-ad56-912e2bdd81ef","a46445c2-4bfe-475e-8f0d-f4330228d58c"
"33aeffa5-a104-4828-b8f7-59aeeba90992","cacadc0c-9bcf-4a21-a142-851382d22c79"
