"11ec9ab5-7147-4a8b-8fca-b018b44b536f","3e8dd991-1295-4484-88e8-7580d5872d8c","b85abefb-46ef-4bc5-aeda-d92c34b41875","contribution","test-4137","f13313a0-8478-4859-946d-7b641cde97e2","9cb5c11b-ef97-401d-b5a5-205b8c7d020c","ce650212-f555-40dc-a2f8-cd70408f5431"
"1ad8d23f-fa7d-4b6c-b254-6f7a17bb92e1","2e676866-c264-48d1-a36a-b3120059a679","b85abefb-46ef-4bc5-aeda-d92c34b41875","contribution","test2-4493","67c3f9fc-bca1-4354-b5fd-7dd5a845a252","153f2699-c091-4a98-9761-e2a7360590cc","8e71560e-e7b5-46d9-a047-3168fe2c4706"
"1cf2a1aa-78be-4e6b-b45b-4a2e0cc1a646","f05b3447-586c-4919-b427-b5b930d447a0","b85abefb-46ef-4bc5-aeda-d92c34b41875","contribution","test23-5431","e853d65f-ff5e-4621-beef-82c61366e2f1","cde57e60-3ce2-4a9d-a710-c60c8edbdea8","1f5c603a-41a3-4c8b-821c-419d2b31591d"
"383ac689-6ea7-40eb-ab14-bb92f0aa3355","f2419117-2093-417b-ae8a-7fc7f42086d1","b85abefb-46ef-4bc5-aeda-d92c34b41875","contribution","aspecttodefaultca-2001","9c2746b2-b40d-4559-9227-e2a2907dd0dc","a104aef5-209b-48fd-a0ae-3b02428ad4cb","c22dbfe3-d913-44ce-99a3-df494a2caa30"
"3955f3c7-4a16-4aac-99c5-1f991dfd4d56","725c6ae3-c8db-4d5a-a4f8-4e46ff3e45db","b85abefb-46ef-4bc5-aeda-d92c34b41875","Project","test-1560","a8eac80e-aec3-46a3-ad9d-cf2a0b2f4384","605200fe-c8cb-4a9a-8d52-102961dc0665","c04ba402-a8fd-4234-bc49-e364d0a840cb"
"4125b2c9-44a8-4107-b1c4-cbc0e103f367","9493409d-3886-4994-aa59-1e927888441c","b85abefb-46ef-4bc5-aeda-d92c34b41875","contribution","test-7704","b3c6634e-6d8e-47ce-a76c-2b6d8c814cbf","bd1fd363-d2e6-43de-b774-d12a331270ee","c61056e0-f48e-4507-b939-67d80901f8a6"
"70c91883-7250-492a-90a0-eca3dd649fb3","a133abf6-58af-41dd-9865-c64bc2fd5fa0","b85abefb-46ef-4bc5-aeda-d92c34b41875","contribution","123-3767","6ed2fe7e-14a6-457e-89bc-02ccc0d00a9b","9d774289-9943-4235-a532-063d3c87f5bc","eb499a0e-ea1e-48b6-90a3-3db64a39685e"
"70ff5ae5-4986-4440-aa75-ab8be5902c10","0a5a90ea-2038-434e-8398-2932889d1218","b85abefb-46ef-4bc5-aeda-d92c34b41875","Introduction","test77-8309","2e554bd8-29b9-42a5-8abc-708b2efcfc28","d19e2ebe-bf54-40f9-ae42-6f3e603e0e87","fc2ac1ff-0309-4251-962f-2c071f3f139a"
"9475cb32-a262-4772-b5c1-f18fe0fe3d24","3cc239f9-030b-478d-9c6c-59aa9b7dfa11","b85abefb-46ef-4bc5-aeda-d92c34b41875","contribution","123-3722","13482dbc-ef26-4c09-abce-949295cff7b9","5744fe1e-bc7c-481c-b742-fe62b3584953","1a433c96-7afb-4d26-adc4-96b79f41cbf8"
"966337d1-d7b6-4cbe-93f6-35367bcc6bd4","900d7cb1-de57-4a31-8437-86049f2bcc36","b85abefb-46ef-4bc5-aeda-d92c34b41875","","test1-7336","c7d22441-f6bf-4d4f-a6bd-87e464258cf9","35be08f4-9bfa-494f-b35a-5f6f371fe5b8","f9e2d1db-d21d-4f0a-81ba-42004947da1c"
"979c4c47-5b9a-4b05-a3a5-f580a8ac53d6","033fe7c3-bd15-46db-9e91-65485e6ff6fd","b85abefb-46ef-4bc5-aeda-d92c34b41875","","test1postaspect-8980","0f54206e-4432-49ab-921d-c78cdff10a33","72411208-1e62-45d5-8d9d-1b223bd9bdfc","726ff466-1f14-4752-9559-26f414eaa3ee"
"9955a624-0cd1-46bd-b0ba-96f2b8d1ee7b","36293dfc-86c9-4f99-8088-94b56246a35c","b85abefb-46ef-4bc5-aeda-d92c34b41875","","test7-3907","4bf49f82-6433-4e5b-818a-f77694849650","f9b4b648-94e2-487c-ab1a-ba0f2cce2653","cd21556f-a40e-4f92-ac34-714be72f090c"
"aba8e66c-b909-4b9f-8587-f16a23d37c42","79c47bdc-a4ea-4754-a093-3da4522ea7f3","b85abefb-46ef-4bc5-aeda-d92c34b41875","contribution","111-4583","88a88866-7c21-4291-8581-b0d298f14d41","f12bc36e-eb35-43da-b32f-40cb822025f4","1e9298a4-ff1a-4d4e-97c8-309cd0743790"
"b70073bf-4bdc-480f-9c29-e400a403382c","19a0fcff-21c6-4b75-8b02-14fc9d8f6e01","b85abefb-46ef-4bc5-aeda-d92c34b41875","contribution","test1-8948","729f83ac-8f06-439f-bef8-3c309294776b","f5d93e81-8c3d-41fa-aaca-86b7fb8ca417","877a4562-c0de-4f0b-ae8d-83207131c0df"
"baa52e35-c7cb-418a-aa11-43dd30d751e5","54457dab-c429-4300-b4b8-9021861990dd","b85abefb-46ef-4bc5-aeda-d92c34b41875","Project","test3-3020","0c431727-ca75-421e-aa36-c63078d3d00f","f23d735c-bf4e-47a0-8e95-75b2dceee43b","aa09d76d-7739-4310-b9d9-d44560fd751d"
"bc153740-850c-4e3e-8dee-8fae47e4f4a8","7fb4b4b1-81ff-418d-8112-4af87d99c068","b85abefb-46ef-4bc5-aeda-d92c34b41875","","test-8498","f0e824ad-2ea2-48e5-8e03-9c0c78c56680","c40c04e5-bbfb-45a2-8d09-d22a3a022d1c","e71058bc-d83d-4576-8438-4e1c5eab6f9c"
"c8399ace-e192-490a-9340-37e0eeecda1f","34901f3f-94a3-414a-886c-add26e14134b","b85abefb-46ef-4bc5-aeda-d92c34b41875","contribution","test2-2606","40fcc52d-06cb-455d-b43e-94bd60ed8923","523e9c80-730d-47d2-adba-ab1453eacd12","5a412f0e-8608-4000-83f9-24ae2e3568ea"
"ce3f4acf-de8c-4338-940a-fdc14db674be","8b881d4b-5eea-4c07-8a40-a07244f61e6c","b85abefb-46ef-4bc5-aeda-d92c34b41875","contribution","test1-2446","b9a93641-0aba-4593-999b-9cc893063c69","26dfc4fb-d038-4227-9564-fc1a5c628108","b83faa1e-dea3-4e12-a40c-9bf8d27150ce"
"d2d8586f-ae97-462d-87a5-12d7178bfb57","560d6359-f07e-476a-8d31-7e7c808c8686","b85abefb-46ef-4bc5-aeda-d92c34b41875","Introduction","test5-6531","468e805f-4b51-47f4-9c18-7f71498a3121","6f0eb410-3d62-4271-821f-375cf70eda33","49475f60-0ca5-4801-a626-30bee52d0826"
"dec2cbd6-faae-4327-b355-d642ee2e1db7","8aef20cb-dce2-4b38-bdbb-a34baaf2db8a","b85abefb-46ef-4bc5-aeda-d92c34b41875","Project","test-5618","03e1991b-d608-4fd7-b2bb-d6515746dafb","5043bb72-3693-4f74-8631-510c755916f7","5f0df47b-5f20-4b02-851e-d20517c54d2d"
