"001e0f39-f3fd-4ee1-ae94-9537183279d9","false","a9bac91f-9dcf-4ba1-8fe9-c0d008b65fe7","00e84b9d-f96b-4070-94fd-f7e1f5ff306f","f9e742ed-008d-4c88-8812-18d509f18562"
"002f439e-02cb-4756-97bb-7da02a3014f0","false","71445de5-438d-485c-8c12-a5692ec26a77","91cade1f-4233-4959-9474-0faca6b371a0","cac1d1a1-7a8e-445a-a94b-d1c378cef58c"
"0052b7bb-8833-4820-843e-e71cf4c20e0a","true","b3d6cc4b-85d8-490c-990e-f557c126a389","55bded1e-eefb-43e4-93ed-81305631addc","f9e742ed-008d-4c88-8812-18d509f18562"
"01eb5e63-3a5e-4780-81d6-f99873ea969f","true","1d752ac6-d92e-4f6b-a78a-7ca7bb98b7f8","23d65601-4d2a-4555-ae4a-a76ad2190ad2","e5bfaae3-a210-477f-83cf-260eeaa3fb41"
"01ed176e-5e9e-4f15-b248-3afafe1e6bfd","true","c992d7cc-7cb7-43e9-b23a-1f884652cc0a","5cfde5b2-23e5-4332-9c40-ea36b187c199","c25b59fd-f266-44a9-a888-fcf26a0fbb5c"
"01f2a21a-821a-4b99-9771-6921c625c416","true","b0482e92-c5b8-4470-8b38-76be33c9520a","a8bbcec7-aad3-47c3-b60b-49ca58b04190","f4e080ff-8060-463c-9e65-bb3707713f47"
"02d583a6-6a37-4fe8-bcb7-ea95c0fab776","true","3678ccbf-16a0-4e6d-bb0c-d2095c77db48","13663909-f6fe-4567-bc40-39ed0fdaef4a","73f94f07-c1be-4e56-9959-b0de9f84d8e4"
"03f3da67-e819-42fd-aaf3-99a01fcb963c","true","1f01c200-727d-42df-a536-82b6b0348427","b527806a-deff-480e-a5a3-5686ebb97232","cf539447-6d05-4c54-89ab-f7ab4c47b179"
"04c15da5-96ff-4362-b921-3986022b675c","true","4fc3c6d9-8eac-4ec8-b12d-b12cda6818b1","23d65601-4d2a-4555-ae4a-a76ad2190ad2","c25b59fd-f266-44a9-a888-fcf26a0fbb5c"
"04c820b0-c568-4905-8bef-61c52d59710d","true","07696f98-6f38-447f-825f-427602e9d75e","9fb98359-8279-4b1f-8950-dcecf9c93e98","ddc3a329-dce3-4f9a-9397-665a2ce84bcb"
"059ecc58-d7bb-47fe-b200-fecac100aa1b","false","751438ce-7aa7-4faa-bbe6-56febf244455","00e84b9d-f96b-4070-94fd-f7e1f5ff306f","cac1d1a1-7a8e-445a-a94b-d1c378cef58c"
"05cfb244-37f2-4371-a3cc-08a12c66b161","false","cd25aa93-dc8f-4b97-8f11-4a82560a1630","d0bdba2e-0350-4378-9fac-ee0b750ad196","cac1d1a1-7a8e-445a-a94b-d1c378cef58c"
"06425010-b2a2-4249-8ad4-383464b72360","true","af946d19-1c3f-4d0d-b6cb-7a2184585d69","57e0e10b-37a7-11ee-a552-0242ac12000d","cf539447-6d05-4c54-89ab-f7ab4c47b179"
"06bcc62d-fc36-47f4-bf7b-94d0b5693595","true","4935adca-888f-4680-9507-d9a38246bfa1","589e99fd-37a7-11ee-a552-0242ac12000d","f9e742ed-008d-4c88-8812-18d509f18562"
"075ef0e9-42bc-4cf0-854d-eb6c4186c6da","false","1e962d45-8710-4a14-ba81-fd1b4ad9c6ea","57e220ee-37a7-11ee-a552-0242ac12000d","e5bfaae3-a210-477f-83cf-260eeaa3fb41"
"077bc919-bc84-4869-b6b6-eed750fcd635","true","9000f910-3bfb-4272-96ec-989568747519","23d65601-4d2a-4555-ae4a-a76ad2190ad2","a5e71e3c-26ef-4206-a050-01cce6fe2495"
"07f5e422-aee5-4591-9d34-59466cc2a862","true","ae274ad7-8e77-4fc6-b1c6-42bf28aeeadd","589fb02c-37a7-11ee-a552-0242ac12000d","a5e71e3c-26ef-4206-a050-01cce6fe2495"
"083d77fc-48e3-49b0-bf1b-b73bd6d17b7d","true","c415b3aa-f52e-4a9f-87dc-cd6ea875e74d","b527806a-deff-480e-a5a3-5686ebb97232","a5e71e3c-26ef-4206-a050-01cce6fe2495"
"08692978-39b5-42f3-a7fa-200c1687783a","true","d95efb62-dad7-4a83-8b5a-417fd9931ff3","589e99fd-37a7-11ee-a552-0242ac12000d","c25b59fd-f266-44a9-a888-fcf26a0fbb5c"
"0983c433-6be3-458d-970a-02b251d0f9a2","true","449c0127-21dc-44d9-9854-7c2a11f02bb9","1f9081aa-152e-4131-9a94-ddb6652590e0","73f94f07-c1be-4e56-9959-b0de9f84d8e4"
"09e61a57-9123-45a6-8a9a-5edf24f3b6f9","false","9a4f846c-68d3-442a-a05d-4bc723efc8e5","91cade1f-4233-4959-9474-0faca6b371a0","f9e742ed-008d-4c88-8812-18d509f18562"
"09f4d4ee-a7cd-4893-ae7f-0e967b1d88d0","false","2b88914f-b1b1-4222-ac03-61ad28bf992c","1f9081aa-152e-4131-9a94-ddb6652590e0","877850f7-6599-433d-8401-ae919c0a7b83"
"0a6a5d3f-29cd-455d-9ed6-d649218f3216","false","62216ed7-5487-4c90-a985-53045b506178","5ae76dd8-37a7-11ee-a552-0242ac12000d","e39f4200-c842-4c68-a0c5-37745c46f76c"
"0d61a516-ad98-44ca-8c3f-176736e005dc","true","9a05f41b-1d65-4ccd-8ff8-b13c4caf77f3","589fb02c-37a7-11ee-a552-0242ac12000d","ddc3a329-dce3-4f9a-9397-665a2ce84bcb"
"0e24bb75-c955-4172-820a-9157c7efc271","true","9c4ccae5-be35-422c-816e-d485ce78b2b4","a9472015-e515-438e-8ef2-5f2397b4a5eb","ddc3a329-dce3-4f9a-9397-665a2ce84bcb"
"0e9e6d47-a2e5-42bf-aff7-1619613514d5","true","ed23b41a-1663-4b6c-84d9-4839211275e0","57dfd3da-37a7-11ee-a552-0242ac12000d","f9e742ed-008d-4c88-8812-18d509f18562"
"0fbe70d3-ad2e-4755-a3f9-3d0894f85bd5","true","6fac736e-4ff3-417b-b5f2-8d6655f8c966","7238a8cb-c329-4948-aebe-539b3272bec1","f9e742ed-008d-4c88-8812-18d509f18562"
"0fdea4dc-5819-4a74-9af1-6feae7fa7053","true","59323065-272c-4127-9725-300693b7f7da","57dc83c4-37a7-11ee-a552-0242ac12000d","03bcbc0b-225e-42e2-bdfd-82f81b8b8564"
"1074c0a0-34c0-4b81-b57c-9bc93273735e","false","80ab5e9e-4509-4052-96d5-fad80e76c82c","91cade1f-4233-4959-9474-0faca6b371a0","ddc3a329-dce3-4f9a-9397-665a2ce84bcb"
"1135b67f-2175-4ecf-a67a-5c3e70583d4e","false","b316a45f-f635-48b8-968d-b74ff9f3407e","00e84b9d-f96b-4070-94fd-f7e1f5ff306f","03bcbc0b-225e-42e2-bdfd-82f81b8b8564"
"11d8fe2e-13d0-454e-82ad-54e160ec8dd7","true","a473207d-2f33-4ede-9255-964125ef88f5","157fbff8-9bd2-4609-bb51-2a1f362d050c","ddc3a329-dce3-4f9a-9397-665a2ce84bcb"
"1222fc50-5514-47e9-b773-3955a029f014","false","2b4baf29-960d-4809-ac63-a863576689ed","5ae76dd8-37a7-11ee-a552-0242ac12000d","6e9a5436-fd5f-4d6d-ba98-4117905d2125"
"124a4ac1-b498-4854-88e5-aaa0eec4c98c","false","7d4e09c1-9a7c-427e-ae0e-579e2771374e","d0bdba2e-0350-4378-9fac-ee0b750ad196","03bcbc0b-225e-42e2-bdfd-82f81b8b8564"
"12932bd2-6207-4cbf-b34e-d79a85793ebe","true","456bc7fa-66e1-41d5-ae27-81c65760611e","57dc83c4-37a7-11ee-a552-0242ac12000d","c25b59fd-f266-44a9-a888-fcf26a0fbb5c"
"12b5b127-2347-4223-b2ae-be1d38631cd4","false","d4437b9b-021e-4ac2-a8e2-dd5a361f708e","a1ccb60b-a1e8-4e24-8ef6-126ed94e9457","cf539447-6d05-4c54-89ab-f7ab4c47b179"
"13253f9b-2d88-4d0c-9518-037ececb612b","true","e8a3b1dd-3576-4bd3-ab3b-169c6f08e715","57deaee5-37a7-11ee-a552-0242ac12000d","e5bfaae3-a210-477f-83cf-260eeaa3fb41"
"148b0bb1-1981-4106-a2de-63b3935e4d4b","false","36b35862-16ef-4de3-a21b-edc057db575a","00055c71-6d12-4eb2-a8b0-fc97f22564f6","c25b59fd-f266-44a9-a888-fcf26a0fbb5c"
"14913e10-07da-47b0-8590-d6b9fd0a339e","false","5f9cf4e1-1a66-4487-9fba-a121ef418c3f","5ae76dd8-37a7-11ee-a552-0242ac12000d","04e481f8-2ce8-43d6-8d3e-76e6276f0fb0"
"14a61394-f537-4df4-9290-115992a9dfbb","true","b163e871-5513-44d3-8a87-59c6fadac97b","f15c058f-5a03-4f0a-9083-beffb5bd7e95","e39f4200-c842-4c68-a0c5-37745c46f76c"
"14ee6dda-dd7e-496a-b6d8-2e0469300415","true","423351d2-4ee1-4d7a-a097-5218fccf992a","a9472015-e515-438e-8ef2-5f2397b4a5eb","f4e080ff-8060-463c-9e65-bb3707713f47"
"15f9f9d5-9c3f-4851-a57d-6b5125e4898a","true","9777000f-e4c7-4a42-98e1-a3aa64329a0f","57e0e10b-37a7-11ee-a552-0242ac12000d","cac1d1a1-7a8e-445a-a94b-d1c378cef58c"
"1608bc34-27e3-47bd-bf5c-b6c894590ba4","true","54b3d3b7-db39-48e3-a63e-95cd4cdccc43","23d65601-4d2a-4555-ae4a-a76ad2190ad2","a7ba90f9-360c-4487-83d3-b498bbaebe8d"
"1714a244-fb7d-42a7-893a-5d285c0303a3","true","03f884ba-6720-4f81-b774-fd83271ea3b8","157fbff8-9bd2-4609-bb51-2a1f362d050c","f4e080ff-8060-463c-9e65-bb3707713f47"
"1715810f-5548-4eb6-b1b5-f3f4f2a1c1e5","true","f788524d-365b-4d24-bc6a-faae59046592","c2d79247-dbae-4c01-a529-cd0a602ad20e","a7ba90f9-360c-4487-83d3-b498bbaebe8d"
"18786708-60d7-4361-84cf-61450a7e3b21","true","ef11a599-6c80-4bca-8d2c-45eacb08af85","ead3043b-1d93-43bd-b560-53446efcfd4a","04e481f8-2ce8-43d6-8d3e-76e6276f0fb0"
"18be08af-ac67-4a5b-b002-72ec7037e551","true","46d08bd4-06e9-45f2-ab88-99166ca6b8e6","157fbff8-9bd2-4609-bb51-2a1f362d050c","cac1d1a1-7a8e-445a-a94b-d1c378cef58c"
"199b25a1-9acf-41ee-9db2-40afcd5e297b","true","ea635a80-6391-42eb-a475-cce5388ccc9e","55bded1e-eefb-43e4-93ed-81305631addc","e4841c70-b4c6-4c7b-9dfe-9866258a4929"
"1a5d8dc9-e4a5-4241-b8b7-1a1c85bf81ae","false","2a79997a-542b-4f42-99ec-f408e401a23a","91cade1f-4233-4959-9474-0faca6b371a0","cf539447-6d05-4c54-89ab-f7ab4c47b179"
"1bf48fe0-2706-4a31-9faf-f9349c3a27bc","true","f978c8e8-2bf3-468d-ad5a-589680f3d14a","57dc83c4-37a7-11ee-a552-0242ac12000d","cac1d1a1-7a8e-445a-a94b-d1c378cef58c"
"1c7bff16-3806-406c-a8bd-62bf54c04184","true","9f428c33-c6aa-401c-ad4d-81baa040c10e","9fb98359-8279-4b1f-8950-dcecf9c93e98","75a3c415-c286-44e7-b393-59814c358810"
"1d82921d-05d0-4294-ac6d-4c17db3758c5","true","170ee681-ea58-4f19-bda5-cecc84b4a135","57dfd3da-37a7-11ee-a552-0242ac12000d","ddc3a329-dce3-4f9a-9397-665a2ce84bcb"
"1dfcc076-62a8-4e45-bfb1-0227b84890b3","true","5c99421f-f29a-47f3-9407-d7976fa02ba7","f3e9564c-3d45-4d59-95ff-f177623f0f30","e5bfaae3-a210-477f-83cf-260eeaa3fb41"
"1e2dabcd-980d-4455-86a4-556832ea3699","true","a4314da8-65cf-4a7f-9460-e495a0ceb089","a8bbcec7-aad3-47c3-b60b-49ca58b04190","ddc3a329-dce3-4f9a-9397-665a2ce84bcb"
"1e912eea-29b4-4372-a541-d50bcf321e8d","true","3013dc93-f3a8-4210-b3c0-f4afcc70be74","589e99fd-37a7-11ee-a552-0242ac12000d","a7ba90f9-360c-4487-83d3-b498bbaebe8d"
"1f343466-8684-4659-8897-1c594ab3eed1","true","88468a85-482f-4198-bb69-a88574dfcf75","30f7a1c0-e3ca-4f11-8c1d-749d980ffc13","75a3c415-c286-44e7-b393-59814c358810"
"204c1e72-7c73-4a01-9660-03fc0c9a7b9c","true","a4db916f-86c2-4b2d-a73f-954317ae8f99","57dfd3da-37a7-11ee-a552-0242ac12000d","cf539447-6d05-4c54-89ab-f7ab4c47b179"
"22bbf2a9-6131-4b29-99df-4c8a4b7b93c7","true","e93b09be-52ee-45e9-b9a4-d727474c1e66","57dc83c4-37a7-11ee-a552-0242ac12000d","e4841c70-b4c6-4c7b-9dfe-9866258a4929"
"23023ea8-2a0e-4037-bec0-00bd64d2c0f2","true","bc3cafd3-6fea-40fd-a645-32a40bf04b21","f3e9564c-3d45-4d59-95ff-f177623f0f30","a5e71e3c-26ef-4206-a050-01cce6fe2495"
"2339d510-8105-436c-a83c-39605274ccf3","true","059c980a-4f23-4e34-b56b-26b914e69df3","57e0e10b-37a7-11ee-a552-0242ac12000d","c25b59fd-f266-44a9-a888-fcf26a0fbb5c"
"236345ca-47c4-4f6d-8ca7-16cc1a892a25","true","1462d06c-b0ca-4b22-b6f3-01f07463cfdf","c2d79247-dbae-4c01-a529-cd0a602ad20e","a5e71e3c-26ef-4206-a050-01cce6fe2495"
"239b0bad-5dcc-4de0-88cc-aacf725b1f0e","true","2a37b135-050d-431e-bda4-fcd13188661e","7238a8cb-c329-4948-aebe-539b3272bec1","a7ba90f9-360c-4487-83d3-b498bbaebe8d"
"23f33925-dc40-4abe-a689-6ce34de9a7b7","false","23e249ea-7e15-474e-ac9a-247629b63136","a1ccb60b-a1e8-4e24-8ef6-126ed94e9457","f4e080ff-8060-463c-9e65-bb3707713f47"
"2433bab7-13bf-4743-bac3-7a090c6ae700","false","98ad28ab-5635-4e80-9b28-3873a30efcb3","0117b126-6606-469b-9cc7-24cc953b03cc","e4841c70-b4c6-4c7b-9dfe-9866258a4929"
"25f26ac4-5b96-4ad4-bb97-218ffca51b2e","true","297899a3-8bd7-43b7-bb46-1b00a49a25e7","7a9469b7-acd5-44fc-a585-dc7834b95fd4","8fe23b3c-de24-491a-adbd-d192299d4554"
"26731ee8-b489-4975-9004-9e4a86593eb1","true","09713b76-58ea-44c3-b8b5-0dde77131447","5cfde5b2-23e5-4332-9c40-ea36b187c199","75a3c415-c286-44e7-b393-59814c358810"
"26a4ce24-3cab-4c5e-b5d3-4dd620281d01","true","5ee2ef1f-3364-4f7b-b584-5cd49985ec68","57dda0a6-37a7-11ee-a552-0242ac12000d","75a3c415-c286-44e7-b393-59814c358810"
"26aaeb8b-c922-4d51-882b-c2a10d24c4c4","true","2b15e0bb-2e40-4d4f-b11c-ed47db0b0771","57dc83c4-37a7-11ee-a552-0242ac12000d","ddc3a329-dce3-4f9a-9397-665a2ce84bcb"
"273e8ece-3f6b-4ab2-9d8c-4844ed50682b","true","00a38e1e-a1d8-42db-819e-fe041d408a38","0ab0541c-9d94-4c93-8bc7-eca24bdef550","a7ba90f9-360c-4487-83d3-b498bbaebe8d"
"2a2441bd-ad07-43df-817f-3155b92c618a","false","9e2c7540-d501-4931-8b56-24d8aed31755","00e84b9d-f96b-4070-94fd-f7e1f5ff306f","ddc3a329-dce3-4f9a-9397-665a2ce84bcb"
"2a2a9da7-a208-4d4b-b4b8-bbcc4ca08fb9","true","5dcb6e58-7235-47c1-a4d1-b17d7518bf3e","30f7a1c0-e3ca-4f11-8c1d-749d980ffc13","a5e71e3c-26ef-4206-a050-01cce6fe2495"
"2a977b82-eb3a-4738-ad9b-9759e7cc58f2","true","050eba43-5606-48f2-9d35-954dde5fa0e2","7238a8cb-c329-4948-aebe-539b3272bec1","a5e71e3c-26ef-4206-a050-01cce6fe2495"
"2ad95502-7c86-4d98-aedf-b4b00b3c15eb","true","14be604e-1e3e-4872-8a1a-ae8b3eaf8c25","5ae5fc06-37a7-11ee-a552-0242ac12000d","f4196fd1-1921-45c8-8ac1-8b46ce99bb7c"
"2ae2fd26-8a80-44dc-8908-d117c9463be5","true","b223db14-2ea3-444c-ad88-750fac73a978","57dda0a6-37a7-11ee-a552-0242ac12000d","e5bfaae3-a210-477f-83cf-260eeaa3fb41"
"2b06eb20-e7a1-4f41-8b7a-4573103ce039","true","bbe2c3ca-5e78-4f8e-9599-d1b8897cd9c0","7238a8cb-c329-4948-aebe-539b3272bec1","ddc3a329-dce3-4f9a-9397-665a2ce84bcb"
"2b44dc7c-3e9f-4d83-b48b-ce7708201cc4","false","671abd73-f607-43a9-830f-ba12e0d65a69","37c95e47-7510-4e53-a96d-e2cc22124acf","3a16dcf1-3e7f-4018-9348-751fd17c51d5"
"2c08d62a-65c7-4e62-b98e-033c9c341d8c","true","6d5288a3-a449-40cf-a80e-9c27d23719b7","23d65601-4d2a-4555-ae4a-a76ad2190ad2","cac1d1a1-7a8e-445a-a94b-d1c378cef58c"
"2dcbfd6d-f0ff-496d-b898-eb8407bc5999","true","c9ef0e44-e9e7-4e82-9402-53af8a98dac7","f3e9564c-3d45-4d59-95ff-f177623f0f30","f9e742ed-008d-4c88-8812-18d509f18562"
"2e09ac22-58b7-4d7c-a2b0-a9511601b602","true","88f43120-3a92-4d5c-863c-d0040f2579f1","589fb02c-37a7-11ee-a552-0242ac12000d","03bcbc0b-225e-42e2-bdfd-82f81b8b8564"
"2e2fc889-2abe-4ba7-9fe0-f268d49b9e20","true","b25fbcf4-c9aa-41e5-af5d-392e501b03da","a8bbcec7-aad3-47c3-b60b-49ca58b04190","cf539447-6d05-4c54-89ab-f7ab4c47b179"
"3013a48d-0c4f-4214-b0c8-6b271edf3654","false","322ee3f8-1371-447c-8702-452daa175ec0","57e220ee-37a7-11ee-a552-0242ac12000d","c25b59fd-f266-44a9-a888-fcf26a0fbb5c"
"31ed4efb-db0a-40dc-81ba-fd8c198f2a4f","false","ac0f63a2-e940-4984-a71c-8871eaf352b3","a3dcd0ff-c597-4395-8df9-19b7c36dc51d","a5e71e3c-26ef-4206-a050-01cce6fe2495"
"3276bf1e-85bd-4760-8c1e-361bf963ccef","true","234aaad2-7de8-4805-9cf4-59056f2c63a8","c2d79247-dbae-4c01-a529-cd0a602ad20e","cf539447-6d05-4c54-89ab-f7ab4c47b179"
"33b05fd0-d5cd-48d8-9b4d-23ba1d1891eb","true","2792f328-abc5-4ff8-998b-cedcf752062d","0ab0541c-9d94-4c93-8bc7-eca24bdef550","e5bfaae3-a210-477f-83cf-260eeaa3fb41"
"35b298f7-4f4c-4dac-ab20-640abd1ad1ca","false","9a5c2aa7-cba8-4149-921a-b3eaf62465bd","0117b126-6606-469b-9cc7-24cc953b03cc","cf539447-6d05-4c54-89ab-f7ab4c47b179"
"36ae3ee3-9d6b-4c6e-a3cf-fd2f0facf0aa","false","85ed741f-a2fa-4472-a757-27f847126a4d","0117b126-6606-469b-9cc7-24cc953b03cc","f4e080ff-8060-463c-9e65-bb3707713f47"
"36e4d441-72ec-4117-8268-0888a751d1d0","true","cebeec14-fc2b-4f57-a674-4abaaaece563","04e0a552-ecd6-446d-b4d8-2218f60dff44","3a16dcf1-3e7f-4018-9348-751fd17c51d5"
"37b88947-3ba5-4ad1-8839-1111ff14b69c","true","ad2b2e61-4a0b-4214-9ea5-774de1372f64","55bded1e-eefb-43e4-93ed-81305631addc","ddc3a329-dce3-4f9a-9397-665a2ce84bcb"
"37ca7656-c013-445f-87e2-4e56bd42226a","false","e78eb305-9e99-43f5-abc2-00b0e8c03d27","0117b126-6606-469b-9cc7-24cc953b03cc","f9e742ed-008d-4c88-8812-18d509f18562"
"387d9606-f3d7-43a1-87ca-eb2a45d2a397","true","7462b0e8-3457-4d2b-af28-c018ea6eb301","57dc83c4-37a7-11ee-a552-0242ac12000d","e5bfaae3-a210-477f-83cf-260eeaa3fb41"
"396508dd-fed9-4971-b1a6-b98d2c552150","false","01dd49f9-c7b6-40b9-bb9d-f0cd81ac75d0","0117b126-6606-469b-9cc7-24cc953b03cc","a7ba90f9-360c-4487-83d3-b498bbaebe8d"
"3a386448-ef18-4c3f-b757-1d1f3d71074b","false","7a3d2878-6c93-4d2f-8835-1407c0ad82e8","d0bdba2e-0350-4378-9fac-ee0b750ad196","c25b59fd-f266-44a9-a888-fcf26a0fbb5c"
"3b306729-ffb7-48c0-8fa9-a030325305ea","false","aeb34673-6a51-4110-a877-b887bfac954d","2f49bc40-0d94-4bbb-913b-77cfed620c86","877850f7-6599-433d-8401-ae919c0a7b83"
"3b316c4b-50d0-472d-bb10-a455a956024d","true","81efcca1-70e1-4976-99d8-e097be5def86","0ab0541c-9d94-4c93-8bc7-eca24bdef550","c25b59fd-f266-44a9-a888-fcf26a0fbb5c"
"3b3e119e-4967-41a4-9a52-bf889f240974","true","2bb9482b-e6ad-4259-b6d3-c5c6e49a7e6a","589fb02c-37a7-11ee-a552-0242ac12000d","c25b59fd-f266-44a9-a888-fcf26a0fbb5c"
"3b5ef8ad-cc09-4405-add1-3ab215685121","true","1b5f8ee1-d975-4d67-abdc-1bce84b4d105","30f7a1c0-e3ca-4f11-8c1d-749d980ffc13","cac1d1a1-7a8e-445a-a94b-d1c378cef58c"
"3bf77fe7-9e8c-4e1f-9e1d-d96974577b91","false","9b9d10a6-64f9-456f-a489-bf62ebcd24a3","57e220ee-37a7-11ee-a552-0242ac12000d","a5e71e3c-26ef-4206-a050-01cce6fe2495"
"3c071ab0-f6b0-4e54-be6f-1bb96e2618ec","true","bfe62977-0603-44e2-83f0-a0fcf978e248","5ae5fc06-37a7-11ee-a552-0242ac12000d","04e481f8-2ce8-43d6-8d3e-76e6276f0fb0"
"3c532e33-f28e-45f6-92da-075f6938c0f7","true","1a7a1fe0-f336-4943-9876-03cd02739abd","b527806a-deff-480e-a5a3-5686ebb97232","e5bfaae3-a210-477f-83cf-260eeaa3fb41"
"3c82c083-149b-4e52-aef5-1e5881852636","false","e725c5e1-fbda-4b5b-b547-2dffdd038995","7a9469b7-acd5-44fc-a585-dc7834b95fd4","877850f7-6599-433d-8401-ae919c0a7b83"
"3d88ec5c-a8d4-42a1-bf2f-1bd596c6d01e","true","53293d82-0e62-4e5a-bbee-21171877b93d","5ae5fc06-37a7-11ee-a552-0242ac12000d","e39f4200-c842-4c68-a0c5-37745c46f76c"
"3de06a14-bb58-4495-b0b0-ecda87f30a17","true","66f3992a-94c5-4b0b-9d8a-1565d797ce27","57e0e10b-37a7-11ee-a552-0242ac12000d","ddc3a329-dce3-4f9a-9397-665a2ce84bcb"
"3df48ce5-05e6-4c24-8023-8700eb75a9db","true","3f71b274-dd48-4c3a-9f7d-4ec80fc7c5e2","57dfd3da-37a7-11ee-a552-0242ac12000d","03bcbc0b-225e-42e2-bdfd-82f81b8b8564"
"3e0ed926-f860-46c1-a292-82423189d9da","true","86869e27-b1d1-42ca-8687-4dc75548f3cf","589e99fd-37a7-11ee-a552-0242ac12000d","a5e71e3c-26ef-4206-a050-01cce6fe2495"
"3e1ec516-e6c5-4ae7-aaaa-a02bee70f54b","true","3f4e764f-721e-41ac-bbfa-6466907239c6","57dc83c4-37a7-11ee-a552-0242ac12000d","f9e742ed-008d-4c88-8812-18d509f18562"
"3e4f7fb3-4363-411b-b767-948e4ff5c86e","false","c7fa2397-5424-47fd-b1b4-bc01d78c46d4","a3dcd0ff-c597-4395-8df9-19b7c36dc51d","a7ba90f9-360c-4487-83d3-b498bbaebe8d"
"3ff162b9-1757-4402-9043-09a379fb2e54","true","f993ff47-6f07-421a-89f3-52f7fd7f43ab","23d65601-4d2a-4555-ae4a-a76ad2190ad2","cf539447-6d05-4c54-89ab-f7ab4c47b179"
"418a53c9-8f3d-4f32-b994-593ae6082ca8","true","0b7da288-526d-4f90-bd0b-01095722aab3","1f9081aa-152e-4131-9a94-ddb6652590e0","3a16dcf1-3e7f-4018-9348-751fd17c51d5"
"421d8548-533d-4d39-9ac3-69053d85a642","true","893b90e6-d32e-4972-927f-56db44720f11","57dda0a6-37a7-11ee-a552-0242ac12000d","cf539447-6d05-4c54-89ab-f7ab4c47b179"
"42546dc8-7347-494c-ac2b-f1fe60f24096","true","1a0d45fb-c3ad-4268-862f-b1da2980eaa2","55bded1e-eefb-43e4-93ed-81305631addc","75a3c415-c286-44e7-b393-59814c358810"
"42f8fb2c-618b-483c-865b-ef9f66a6cf24","false","89c3cbb9-415c-42ac-9289-68a22669b409","91cade1f-4233-4959-9474-0faca6b371a0","c25b59fd-f266-44a9-a888-fcf26a0fbb5c"
"44b449e7-cd7c-4336-8438-b01e7413f74f","true","bed94cde-7b59-40f6-b3d1-015594c0f40f","b527806a-deff-480e-a5a3-5686ebb97232","cac1d1a1-7a8e-445a-a94b-d1c378cef58c"
"4531f23a-85f5-406f-b912-8e088327e50a","true","350cd7da-53fd-4321-9b61-ebf395298ae5","a9472015-e515-438e-8ef2-5f2397b4a5eb","cf539447-6d05-4c54-89ab-f7ab4c47b179"
"46c6f6f0-d0a0-4d64-832a-abab6ab6d403","true","c37cfc48-3f3f-4c6b-94f3-08409d754d7e","7a9469b7-acd5-44fc-a585-dc7834b95fd4","73f94f07-c1be-4e56-9959-b0de9f84d8e4"
"46f331a0-749b-4ba6-913a-dc49d31c47dc","true","380cc88d-0455-4af0-aed2-47cd9301ece3","57dda0a6-37a7-11ee-a552-0242ac12000d","e4841c70-b4c6-4c7b-9dfe-9866258a4929"
"47c1afdc-579b-4aef-a4fc-7de9d5249a4b","true","2c3c0c48-7e4f-4fde-9098-6a0400465282","b527806a-deff-480e-a5a3-5686ebb97232","f4e080ff-8060-463c-9e65-bb3707713f47"
"49d5555e-262f-417d-859f-5a91452ef63b","true","4bc41c08-19a8-425c-b032-bc5905e18e61","157fbff8-9bd2-4609-bb51-2a1f362d050c","cf539447-6d05-4c54-89ab-f7ab4c47b179"
"4a727391-495f-42bb-8bdd-3a50adf20d02","false","af8fe87d-56e3-400b-a2fd-3236d28d8203","a1ccb60b-a1e8-4e24-8ef6-126ed94e9457","cac1d1a1-7a8e-445a-a94b-d1c378cef58c"
"4adf77b2-bf88-4f20-b80f-603b2272e611","false","c1b8cdf3-f27a-4883-b534-53e5549cb553","a3dcd0ff-c597-4395-8df9-19b7c36dc51d","03bcbc0b-225e-42e2-bdfd-82f81b8b8564"
"4aed822d-c3d3-4482-b445-8dc59cfa1041","true","3b28fa54-55ae-4c60-9cb7-9ddeaa3f0905","57deaee5-37a7-11ee-a552-0242ac12000d","c25b59fd-f266-44a9-a888-fcf26a0fbb5c"
"4c2bddc8-974e-427b-b5d9-402177c608e6","true","a765a488-aaed-4902-ae16-5fd056b7e0da","a8bbcec7-aad3-47c3-b60b-49ca58b04190","a7ba90f9-360c-4487-83d3-b498bbaebe8d"
"4e48d5d2-ab71-4de4-a3e2-08d522a3c2c9","false","5578cf2c-4854-4a18-8d42-d50f316f9849","00055c71-6d12-4eb2-a8b0-fc97f22564f6","75a3c415-c286-44e7-b393-59814c358810"
"4f0d3d5b-0f3b-4b6c-ac27-0c90c22d286f","false","7a9b9a15-6c94-487a-907b-5867d4ca453e","5ae76dd8-37a7-11ee-a552-0242ac12000d","d5c0962f-0600-46ab-9528-4ab611e2dd61"
"4fb10da3-adc7-40df-9aa3-eac76b220e6b","false","6dd206ec-c153-4742-babf-18f6f6373d5f","57e220ee-37a7-11ee-a552-0242ac12000d","f9e742ed-008d-4c88-8812-18d509f18562"
"4fca5e29-fa78-4501-9879-b28b1833c97f","true","86c10926-c79f-40f0-8a63-015cec409ddb","1f9081aa-152e-4131-9a94-ddb6652590e0","8fe23b3c-de24-491a-adbd-d192299d4554"
"507c779d-f460-4f18-aa99-90b0ef587699","true","f7c7dd17-57a1-458c-99df-2987564d4195","f15c058f-5a03-4f0a-9083-beffb5bd7e95","f4196fd1-1921-45c8-8ac1-8b46ce99bb7c"
"51464420-149d-4e1e-b9c8-fa5923ffe768","true","0f2a0037-09d1-47ff-aa7e-919d6c4bd872","0ab0541c-9d94-4c93-8bc7-eca24bdef550","a5e71e3c-26ef-4206-a050-01cce6fe2495"
"51b8d5ff-1ee0-497d-9ac1-298ea3dda93d","false","a5a927be-461e-4e06-b2da-19aeed7af806","0117b126-6606-469b-9cc7-24cc953b03cc","e5bfaae3-a210-477f-83cf-260eeaa3fb41"
"53e776a3-7d53-409f-bfeb-64a58254152a","true","b6f45c8a-4339-40e2-b8d1-349d08ac656d","57dda0a6-37a7-11ee-a552-0242ac12000d","f9e742ed-008d-4c88-8812-18d509f18562"
"53f9d649-7888-4bf3-b14a-c328e1b35336","false","bcffa49f-dba6-42ac-bbbf-cb58c04c9163","00055c71-6d12-4eb2-a8b0-fc97f22564f6","a7ba90f9-360c-4487-83d3-b498bbaebe8d"
"54e5a989-8e7e-447e-83ca-8982b5a01da6","true","8b8ee2d5-269c-4026-8a8f-9e3dce60b7cf","9fb98359-8279-4b1f-8950-dcecf9c93e98","e4841c70-b4c6-4c7b-9dfe-9866258a4929"
"552085aa-c298-4b93-bc4d-a3cc58617819","false","3b265289-9460-4d38-a1f9-1ce28606c6d4","b0ac1a6b-3c39-428f-b7ee-a639edd55279","322a0ddd-a0e2-47c1-a4f6-ccadb24fa0d3"
"5540a9e9-b1ac-4266-90a5-5655d9173306","true","d80c37bb-04ea-43bb-8afb-c8fe0e1dd489","7238a8cb-c329-4948-aebe-539b3272bec1","f4e080ff-8060-463c-9e65-bb3707713f47"
"55cf7206-3701-40bc-9b4d-dbc205fce409","true","0d7a0321-6b42-474e-8879-d2b4050308c9","57e0e10b-37a7-11ee-a552-0242ac12000d","75a3c415-c286-44e7-b393-59814c358810"
"55f33722-088d-42d6-a851-016e1b037137","false","91660ae2-4c1f-4676-a350-ed1ba8d214cc","00055c71-6d12-4eb2-a8b0-fc97f22564f6","cac1d1a1-7a8e-445a-a94b-d1c378cef58c"
"57bd6d54-53cb-4d01-b83a-6180b19140ce","false","d0966e3a-1499-4ac9-ac71-5506a079fe64","00e84b9d-f96b-4070-94fd-f7e1f5ff306f","f4e080ff-8060-463c-9e65-bb3707713f47"
"580a4da9-dd6f-4eaf-b9a0-463e5ce90f92","true","0e237ff3-382b-4239-8adc-4ecd284ee94e","157fbff8-9bd2-4609-bb51-2a1f362d050c","a5e71e3c-26ef-4206-a050-01cce6fe2495"
"58a7d289-828f-4556-ba92-d25bb9156cf8","true","e6d36e46-35eb-4174-b628-9bc4ffb4e4cf","13663909-f6fe-4567-bc40-39ed0fdaef4a","3a16dcf1-3e7f-4018-9348-751fd17c51d5"
"595bae73-bd2d-4d3e-ac0d-3dfaadf5a04a","true","14244707-20ad-42e0-9569-b8f9086a44d2","23d65601-4d2a-4555-ae4a-a76ad2190ad2","75a3c415-c286-44e7-b393-59814c358810"
"59d2635c-a833-4f0f-981f-50fe37f275f0","true","bca433b1-a6ea-4a7c-b688-de78ceab6f8e","23d65601-4d2a-4555-ae4a-a76ad2190ad2","f4e080ff-8060-463c-9e65-bb3707713f47"
"5b098a53-c44a-43f3-ba4d-9fb78e539b03","true","ab96da25-514c-4152-9d6f-507e527c2c5e","f3e9564c-3d45-4d59-95ff-f177623f0f30","cf539447-6d05-4c54-89ab-f7ab4c47b179"
"5ca69f41-b679-4232-b0b2-5ddc4d8c5f6e","false","f62088bd-c664-467e-8c28-45df2a026950","00e84b9d-f96b-4070-94fd-f7e1f5ff306f","cf539447-6d05-4c54-89ab-f7ab4c47b179"
"5d836a18-ca63-4626-84bd-f6423dac0df8","true","7fb563e3-85e1-4eb1-97c1-c6e931adbf6a","30f7a1c0-e3ca-4f11-8c1d-749d980ffc13","f4e080ff-8060-463c-9e65-bb3707713f47"
"5d88c302-3d1a-49ec-bfcb-cc4ce8bfc003","false","9869ebaf-6bd9-41ae-8033-04df86bda2ba","0117b126-6606-469b-9cc7-24cc953b03cc","ddc3a329-dce3-4f9a-9397-665a2ce84bcb"
"5de91ffd-ffe0-48f0-8693-f5f89b401fbc","true","6db330e9-2a42-45c0-921f-6369770ac4ea","157fbff8-9bd2-4609-bb51-2a1f362d050c","f9e742ed-008d-4c88-8812-18d509f18562"
"5df66b07-3a9c-47bb-a631-d6c3b001776e","true","c4306321-30cc-4704-958e-aca6f1cec0d4","57dda0a6-37a7-11ee-a552-0242ac12000d","c25b59fd-f266-44a9-a888-fcf26a0fbb5c"
"5e49fc9f-7810-4757-be0d-716a44e32b3c","false","cc3db5bc-92c2-4fbc-a2d5-206870a3b090","a3dcd0ff-c597-4395-8df9-19b7c36dc51d","75a3c415-c286-44e7-b393-59814c358810"
"5ea7583c-bac0-482a-b82d-74cb30c8c429","true","8ef4d7a8-5e9b-421c-95ea-d2db0345decb","7b252ef9-588f-4541-8284-983e27d2d7ce","73f94f07-c1be-4e56-9959-b0de9f84d8e4"
"5fafde47-ccc1-4316-93b0-79a256401ddb","false","684fb628-fb86-4901-bd51-819991ef2285","d0bdba2e-0350-4378-9fac-ee0b750ad196","ddc3a329-dce3-4f9a-9397-665a2ce84bcb"
"614f3aad-4323-4eca-9245-f236272e0b9c","true","d3a250ce-6a91-462d-9cda-31c66ea707ce","30f7a1c0-e3ca-4f11-8c1d-749d980ffc13","f9e742ed-008d-4c88-8812-18d509f18562"
"62cbf6cc-86a0-4530-a39f-0fab017a8df7","true","17c81626-252b-4499-8b45-d367b8acaf4e","7238a8cb-c329-4948-aebe-539b3272bec1","03bcbc0b-225e-42e2-bdfd-82f81b8b8564"
"64a1c89b-9d01-459e-b84f-b73b7f9a01c7","true","dee56836-561d-4ad6-9d85-a94311bded3b","7a9469b7-acd5-44fc-a585-dc7834b95fd4","3a16dcf1-3e7f-4018-9348-751fd17c51d5"
"65204b6a-2eac-4962-bb9d-eb5ee2df7cfc","true","7ff580e2-5beb-4b07-aeb2-9f7a3d65e38c","0ab0541c-9d94-4c93-8bc7-eca24bdef550","f4e080ff-8060-463c-9e65-bb3707713f47"
"67224a2a-9a5f-4059-aac2-d25f77ad2d81","true","fb7f0ff5-7c57-4045-acb7-04aa09447ad1","f3e9564c-3d45-4d59-95ff-f177623f0f30","75a3c415-c286-44e7-b393-59814c358810"
"6796b0dc-a293-4ef6-a3e5-2295deba0243","false","e893838a-696b-4f0d-8c4d-bbfd6a72ca9c","37c95e47-7510-4e53-a96d-e2cc22124acf","877850f7-6599-433d-8401-ae919c0a7b83"
"688b246f-2467-43c5-aa7f-67fc7a99abb2","false","bc09397c-1cc3-4ecb-ab55-397e4f34062a","00e84b9d-f96b-4070-94fd-f7e1f5ff306f","a5e71e3c-26ef-4206-a050-01cce6fe2495"
"68a60f72-40f7-4f11-92bd-edc60a91c1df","true","6ca688fa-67db-494c-8e4d-4eab4316feac","157fbff8-9bd2-4609-bb51-2a1f362d050c","c25b59fd-f266-44a9-a888-fcf26a0fbb5c"
"68b494f4-f883-4f59-8f5d-67f4b3a0cf47","true","0a55bbde-c956-44ac-b26a-588bc4821e7d","0ab0541c-9d94-4c93-8bc7-eca24bdef550","ddc3a329-dce3-4f9a-9397-665a2ce84bcb"
"68b5bb5f-b1fa-4489-90ac-a96a264711db","false","705dde94-28e7-42be-a9f5-8d85bc25b960","a3dcd0ff-c597-4395-8df9-19b7c36dc51d","e5bfaae3-a210-477f-83cf-260eeaa3fb41"
"68bab284-e53b-4d57-9230-b6dd921e5ea3","true","dcaf68c2-49cd-4611-a90e-89b31c2b645f","57dfd3da-37a7-11ee-a552-0242ac12000d","75a3c415-c286-44e7-b393-59814c358810"
"69edfb1e-1997-43cb-b564-b538a9776086","true","2b8c99c5-ab83-43ba-85ae-803a682be98f","589fb02c-37a7-11ee-a552-0242ac12000d","75a3c415-c286-44e7-b393-59814c358810"
"6a60bd7c-12b0-4e7e-a47f-fbbcc8eae34d","true","5e4731ad-e0e2-4a91-bc94-5c939efe2cc3","5ae5fc06-37a7-11ee-a552-0242ac12000d","d5c0962f-0600-46ab-9528-4ab611e2dd61"
"6b3d39df-024d-4754-a247-9d5c9042bb6f","false","746ab653-e050-4024-966e-277ea978a7d8","ead3043b-1d93-43bd-b560-53446efcfd4a","6e9a5436-fd5f-4d6d-ba98-4117905d2125"
"6c17beaa-faf6-4267-94c0-e427dbbdfd83","false","e98e1ed8-08fe-4e6d-ac95-ee069e667ef9","a1ccb60b-a1e8-4e24-8ef6-126ed94e9457","a7ba90f9-360c-4487-83d3-b498bbaebe8d"
"6c515d27-2513-4cb8-90e3-b7fe56472cea","false","5bfda935-316e-4839-bec0-bd3d04bce929","7b252ef9-588f-4541-8284-983e27d2d7ce","877850f7-6599-433d-8401-ae919c0a7b83"
"6cb53367-52a8-4fc6-a8a7-29f210d33703","false","8b84ea60-39ec-47bc-9be1-de6fdacb3afc","00055c71-6d12-4eb2-a8b0-fc97f22564f6","f9e742ed-008d-4c88-8812-18d509f18562"
"6e7518b0-f738-4fef-abea-8434a14db17f","false","0874dc88-eab6-43a8-9ee1-1bf5b0dab2c9","d0bdba2e-0350-4378-9fac-ee0b750ad196","f4e080ff-8060-463c-9e65-bb3707713f47"
"6f2f599a-99c1-4571-883b-00de66ddddce","true","2097b4fa-b44d-4a07-af88-ebf9fb33637a","57deaee5-37a7-11ee-a552-0242ac12000d","ddc3a329-dce3-4f9a-9397-665a2ce84bcb"
"6fbd4ced-f0a4-4123-91e1-b5e6c1e48af3","true","7fa1906f-b4a0-463d-a91a-fffefd844317","a9472015-e515-438e-8ef2-5f2397b4a5eb","f9e742ed-008d-4c88-8812-18d509f18562"
"70a9a85c-b152-494a-828c-5ec4dc551bff","false","9c887afd-d002-4d70-b8e6-ac5b81f2bed6","57e220ee-37a7-11ee-a552-0242ac12000d","cf539447-6d05-4c54-89ab-f7ab4c47b179"
"720ae364-0932-4800-8d37-79925004f778","true","127e9202-9b25-4286-9770-70a14046feec","589fb02c-37a7-11ee-a552-0242ac12000d","f4e080ff-8060-463c-9e65-bb3707713f47"
"72b703d0-5a5c-47a8-ba95-8c5426207eb3","true","54ca1c92-f0c2-48dc-a849-e28d08ab9908","5cfde5b2-23e5-4332-9c40-ea36b187c199","a5e71e3c-26ef-4206-a050-01cce6fe2495"
"73b160d3-e164-439f-bf43-23b7b184b193","true","195ab61b-1b9e-4e6b-8db4-493b45a5dbfe","57dda0a6-37a7-11ee-a552-0242ac12000d","f4e080ff-8060-463c-9e65-bb3707713f47"
"7697d427-8bfd-4c6d-b5c8-a2198db5b9a5","true","7c230b6e-1e08-4027-bc39-36b4510c4720","7238a8cb-c329-4948-aebe-539b3272bec1","cac1d1a1-7a8e-445a-a94b-d1c378cef58c"
"76f8d49e-dd91-42ea-9ae9-f9b1135cfc8c","true","409461dc-9b53-43e7-b9f1-84d1abb1a003","0ab0541c-9d94-4c93-8bc7-eca24bdef550","cac1d1a1-7a8e-445a-a94b-d1c378cef58c"
"7958a073-28ed-486f-9d20-d7e2aded05a7","true","51618558-6e30-435e-8787-b4c6c5fdbe12","57dc83c4-37a7-11ee-a552-0242ac12000d","f4e080ff-8060-463c-9e65-bb3707713f47"
"79f08296-fb62-4d22-9836-76c994257c49","true","8f33fde0-87b8-4b29-8fcb-b8b53930e2cf","57dfd3da-37a7-11ee-a552-0242ac12000d","cac1d1a1-7a8e-445a-a94b-d1c378cef58c"
"7b228abd-f270-4643-aeeb-f2a56fe4ef75","false","88fbed9e-fe5f-42db-b9cd-44584ca9962a","5ae89a79-37a7-11ee-a552-0242ac12000d","04e481f8-2ce8-43d6-8d3e-76e6276f0fb0"
"7cc1ccf0-a166-4a15-95a4-b738c0f2b2eb","false","5d6d8827-5477-4a5f-b693-2f96d3948029","00e84b9d-f96b-4070-94fd-f7e1f5ff306f","e5bfaae3-a210-477f-83cf-260eeaa3fb41"
"7d08703c-d8a4-499a-8756-ec5b749a0995","true","0f101ba7-5947-4a17-90fe-017d9df5f4f9","f3e9564c-3d45-4d59-95ff-f177623f0f30","f4e080ff-8060-463c-9e65-bb3707713f47"
"7d441980-d5c3-4e4f-bfa9-6d6fc29c7b09","false","8262feb8-a45b-4a4e-b69e-e99efc240433","ead3043b-1d93-43bd-b560-53446efcfd4a","d5c0962f-0600-46ab-9528-4ab611e2dd61"
"7fb5052a-85ce-4d4f-9f1c-2d0ef5d6ce71","false","8ca65758-f4a7-470b-bb08-c42bfb9d0b33","00055c71-6d12-4eb2-a8b0-fc97f22564f6","a5e71e3c-26ef-4206-a050-01cce6fe2495"
"7fd71f6b-bd33-408f-b939-68f5502bb09e","true","df319676-a5e8-4546-b220-9053fd35d730","5ae9b5f7-37a7-11ee-a552-0242ac12000d","e39f4200-c842-4c68-a0c5-37745c46f76c"
"805154ae-699f-4ceb-9164-b4756ebdc69d","true","74367413-29c4-49f7-a9fe-59b7c3e8b898","b527806a-deff-480e-a5a3-5686ebb97232","03bcbc0b-225e-42e2-bdfd-82f81b8b8564"
"806dec08-ee3c-4380-88d5-e587329b4b61","false","77a25042-8234-4895-b5ff-64a80b30bc2d","f15c058f-5a03-4f0a-9083-beffb5bd7e95","6e9a5436-fd5f-4d6d-ba98-4117905d2125"
"8178a7aa-5066-4eeb-9f0e-fba790cd4caa","true","eedc307c-10fd-4fdb-b3c3-822d773fe1b9","55bded1e-eefb-43e4-93ed-81305631addc","e5bfaae3-a210-477f-83cf-260eeaa3fb41"
"81df7e8a-ef3d-40ab-b70f-c8eab77337ce","true","4832c649-18fd-4772-8f1e-7bf78aaf5268","5cfde5b2-23e5-4332-9c40-ea36b187c199","03bcbc0b-225e-42e2-bdfd-82f81b8b8564"
"835eb39a-edd0-4a18-9fd2-7a26b4938955","true","23135613-722f-4a1b-9cf5-946fb3269eb6","9fb98359-8279-4b1f-8950-dcecf9c93e98","cac1d1a1-7a8e-445a-a94b-d1c378cef58c"
"83cd2bcd-a90f-4e23-aec2-e4db4bc8c6f9","true","fc1a70fc-49b5-4897-b479-cec3dbd995d8","b0ac1a6b-3c39-428f-b7ee-a639edd55279","72f02bc3-9fbf-4d61-a0d5-62d91b8e9716"
"856abb9d-07da-4043-a67f-23abbd143a29","true","b24c6f48-78c2-4554-aa37-35e01eae0668","589e99fd-37a7-11ee-a552-0242ac12000d","75a3c415-c286-44e7-b393-59814c358810"
"8586c571-07da-4cb3-a7d3-25aac509724c","false","65e28f9d-c4e6-4ca1-b16d-fe40da8d28e8","d0bdba2e-0350-4378-9fac-ee0b750ad196","cf539447-6d05-4c54-89ab-f7ab4c47b179"
"85c35859-01de-4fa1-b944-6a5d933f8a92","true","94b5203a-b778-4472-a2df-5095f115203a","9fb98359-8279-4b1f-8950-dcecf9c93e98","a5e71e3c-26ef-4206-a050-01cce6fe2495"
"861a4ac0-b461-46f7-af9b-3df4badcea50","true","74034e2b-01e3-453e-8cb5-1a73d426882f","5ae9b5f7-37a7-11ee-a552-0242ac12000d","04e481f8-2ce8-43d6-8d3e-76e6276f0fb0"
"868a3d89-7a0f-4c79-ae21-2bacfbbcda74","true","4036df87-e38f-42ee-a8e8-d3ff7b4affd3","a9472015-e515-438e-8ef2-5f2397b4a5eb","e5bfaae3-a210-477f-83cf-260eeaa3fb41"
"8a414789-bfa4-4a23-904d-67da70398be6","false","a42b3393-3d2a-4b70-8999-363112605eb1","5ae9b5f7-37a7-11ee-a552-0242ac12000d","d5c0962f-0600-46ab-9528-4ab611e2dd61"
"8a479fa0-387e-4cee-b5d7-7d0cbe904001","false","9acfa5b0-1e91-4d52-be27-9bbce156a2cc","a3dcd0ff-c597-4395-8df9-19b7c36dc51d","cf539447-6d05-4c54-89ab-f7ab4c47b179"
"8b97f1f1-e128-4ed1-8153-c4f159f48aa3","true","2b2b7f0b-b701-4708-b44a-7c440ca1155e","57dc83c4-37a7-11ee-a552-0242ac12000d","a7ba90f9-360c-4487-83d3-b498bbaebe8d"
"8ca96324-93a8-4bd0-b23f-28fab4f3069b","true","2a87af4f-62ce-4e9b-a6c8-60b287019115","a9472015-e515-438e-8ef2-5f2397b4a5eb","75a3c415-c286-44e7-b393-59814c358810"
"8d803ef7-9f8f-4cd2-bd73-55a51aeaf88b","true","c601b682-1a73-406f-8f7b-96a28dbfc961","57dc83c4-37a7-11ee-a552-0242ac12000d","75a3c415-c286-44e7-b393-59814c358810"
"8d8bdd2a-b5a7-4bdf-ad52-522e50242390","true","4f1e9bf7-faee-4f54-91d5-592433774d55","57e0e10b-37a7-11ee-a552-0242ac12000d","03bcbc0b-225e-42e2-bdfd-82f81b8b8564"
"8d96f18f-d1c1-45f5-97ac-f53679886bfd","true","de3a56bf-babd-4820-8250-757c3da467f5","c2d79247-dbae-4c01-a529-cd0a602ad20e","ddc3a329-dce3-4f9a-9397-665a2ce84bcb"
"8dee30c5-0719-4c38-aa28-eb288d8706e9","true","534c7433-92cd-4465-a25b-b9e50caab648","589e99fd-37a7-11ee-a552-0242ac12000d","ddc3a329-dce3-4f9a-9397-665a2ce84bcb"
"8ef2794a-d3c1-4ef7-a17d-5d2b4a8de562","false","418c9ed4-46ed-4f12-9dbd-1c08983277f7","0117b126-6606-469b-9cc7-24cc953b03cc","75a3c415-c286-44e7-b393-59814c358810"
"8f6d5ce6-39f5-4244-bd1a-b5033c2668ba","true","81fc2846-5f6e-4612-a137-70fb90d9dad2","a8bbcec7-aad3-47c3-b60b-49ca58b04190","a5e71e3c-26ef-4206-a050-01cce6fe2495"
"906ff1bc-9b8c-496c-a2b0-2b649c1a9f31","true","8849d5f5-4595-42f8-863e-75b15bbfdba7","57dc83c4-37a7-11ee-a552-0242ac12000d","a5e71e3c-26ef-4206-a050-01cce6fe2495"
"9079ef48-a2a4-4758-9c52-82e01501daa9","true","569d92e6-bec7-4e12-87fd-d4ab4f92dd33","57deaee5-37a7-11ee-a552-0242ac12000d","03bcbc0b-225e-42e2-bdfd-82f81b8b8564"
"90c84e2e-e247-406b-b92e-22b876af8f5c","true","0dc8d075-3245-4a75-83d1-6c344ca8333e","0ab0541c-9d94-4c93-8bc7-eca24bdef550","cf539447-6d05-4c54-89ab-f7ab4c47b179"
"91604713-05fd-43ba-9f58-1a5dcb6f1418","true","4981f954-18be-49a2-86c1-dea279a121d4","04e0a552-ecd6-446d-b4d8-2218f60dff44","73f94f07-c1be-4e56-9959-b0de9f84d8e4"
"920a47c6-b94d-44fb-9487-ea7a19655e67","true","18e5204c-62d4-42ac-983d-1508f1042b52","7238a8cb-c329-4948-aebe-539b3272bec1","e5bfaae3-a210-477f-83cf-260eeaa3fb41"
"926d40c6-f39e-4c35-8721-320a4c90817a","true","20d30833-fbf2-4693-a28b-1173e93c12cf","5cfde5b2-23e5-4332-9c40-ea36b187c199","cac1d1a1-7a8e-445a-a94b-d1c378cef58c"
"92b1cac4-3b5b-47d6-87d4-bbc79646ab9e","false","aaf8db27-1d67-4be4-9df3-24f8b0b500d8","0117b126-6606-469b-9cc7-24cc953b03cc","c25b59fd-f266-44a9-a888-fcf26a0fbb5c"
"934fce1f-d2f9-4667-9935-d827b77d30f4","true","607117a7-61ca-4699-9505-784fb140bd91","55bded1e-eefb-43e4-93ed-81305631addc","c25b59fd-f266-44a9-a888-fcf26a0fbb5c"
"9362da55-9482-40ae-8f6d-c49549cd6535","false","6bd5315a-e56d-4d2b-86e9-7ea41165ab50","d0bdba2e-0350-4378-9fac-ee0b750ad196","a7ba90f9-360c-4487-83d3-b498bbaebe8d"
"9394a90f-dc02-491b-8b16-ce642bd3d5fb","true","6ce7d83d-75be-4c2a-8d1c-6ef57f90784e","57deaee5-37a7-11ee-a552-0242ac12000d","f4e080ff-8060-463c-9e65-bb3707713f47"
"940fc0d1-8656-4227-8b28-7522eca22821","true","9d293138-6867-4eef-ac23-a3ac09da7085","157fbff8-9bd2-4609-bb51-2a1f362d050c","03bcbc0b-225e-42e2-bdfd-82f81b8b8564"
"94b3e3f1-4e3b-4091-8432-836409c5ff6a","true","2e09b125-1a8e-45c9-add1-a4a128942ecd","57dda0a6-37a7-11ee-a552-0242ac12000d","a5e71e3c-26ef-4206-a050-01cce6fe2495"
"9502a9e8-1138-4c58-8824-b941a2b8c8e8","true","6bb15989-2a90-40e8-9b70-a89258ecde30","a8bbcec7-aad3-47c3-b60b-49ca58b04190","cac1d1a1-7a8e-445a-a94b-d1c378cef58c"
"95ce5dc3-2152-4d9b-a34f-2c730b7b5c22","true","2e272834-883e-4d86-9aa0-d1fe4fd7311d","57dfd3da-37a7-11ee-a552-0242ac12000d","a5e71e3c-26ef-4206-a050-01cce6fe2495"
"96372017-cbb2-4ef0-b720-f7ac2dfa14bb","true","05a1fb5e-0735-4f21-a689-a7c9515c468f","9fb98359-8279-4b1f-8950-dcecf9c93e98","03bcbc0b-225e-42e2-bdfd-82f81b8b8564"
"966a791e-488e-4224-9743-a1635b03b145","false","7bfe0a6c-8a55-49bd-91f0-8275087d90d0","f15c058f-5a03-4f0a-9083-beffb5bd7e95","d5c0962f-0600-46ab-9528-4ab611e2dd61"
"976e62a0-cfbc-41ce-a252-6d84ec97034b","true","3b3fbcac-8fe9-4f6b-8f57-b9184fbea728","5ae5fc06-37a7-11ee-a552-0242ac12000d","6e9a5436-fd5f-4d6d-ba98-4117905d2125"
"995332f1-78c8-41cf-846c-b385c03c3382","false","656d1f63-d8e3-43bc-af89-3135409a4674","91cade1f-4233-4959-9474-0faca6b371a0","f4e080ff-8060-463c-9e65-bb3707713f47"
"9970e6af-35a1-4fe8-a547-4c8259f3fc64","true","db255b61-7d8d-4cf2-97df-e8953ead24a1","a9472015-e515-438e-8ef2-5f2397b4a5eb","cac1d1a1-7a8e-445a-a94b-d1c378cef58c"
"999ec2c7-5572-401e-b67e-1d1dc4140e54","true","5ca674bf-1710-4dd9-a688-1d6465990334","7b252ef9-588f-4541-8284-983e27d2d7ce","3a16dcf1-3e7f-4018-9348-751fd17c51d5"
"9a1fe068-f22f-4c22-9c43-887c16d5b8d6","true","3d06fa46-c880-4f21-a9f8-ecc962a4d7de","a8bbcec7-aad3-47c3-b60b-49ca58b04190","03bcbc0b-225e-42e2-bdfd-82f81b8b8564"
"9a52424a-9c5e-44e7-b0a3-45855700eae4","true","fb358b64-42af-44e9-a97c-55ba2143ca90","9fb98359-8279-4b1f-8950-dcecf9c93e98","f9e742ed-008d-4c88-8812-18d509f18562"
"9b79c387-9638-4c90-95f2-2483d4f9d74d","true","c1a2b29d-ca71-491c-a9b9-42a295bb05ef","30f7a1c0-e3ca-4f11-8c1d-749d980ffc13","ddc3a329-dce3-4f9a-9397-665a2ce84bcb"
"9be53923-eb87-41f5-ac11-f1fabcf8d4a1","false","50e8e5ce-26a1-4ef5-99b3-1e7f54035cda","37c95e47-7510-4e53-a96d-e2cc22124acf","73f94f07-c1be-4e56-9959-b0de9f84d8e4"
"9cf7bf42-43a0-47b5-b146-14f4e3918f8a","true","dde02e58-2fe1-4a85-981d-9a3f6173521f","589fb02c-37a7-11ee-a552-0242ac12000d","a7ba90f9-360c-4487-83d3-b498bbaebe8d"
"9d73a7e8-06c3-46e1-acbd-7e6bcccd9e1a","false","a2154c3e-b95d-42f7-9b12-63ad11971c91","5ae76dd8-37a7-11ee-a552-0242ac12000d","f4196fd1-1921-45c8-8ac1-8b46ce99bb7c"
"9d86e196-ed9d-4e32-9a44-8d499b9bc857","true","05b426f6-5805-4190-86c9-fd0cfc514513","589fb02c-37a7-11ee-a552-0242ac12000d","cac1d1a1-7a8e-445a-a94b-d1c378cef58c"
"9e69dd6e-9500-4205-adef-6d3a33006898","true","c8b4d408-cf2e-4381-b5b6-3cbef19d93f7","57dda0a6-37a7-11ee-a552-0242ac12000d","03bcbc0b-225e-42e2-bdfd-82f81b8b8564"
"9f3a9573-9803-4d81-86ec-19ce5c71abd0","true","783b24d3-3bfa-4160-bbe9-915e05ace5dd","a8bbcec7-aad3-47c3-b60b-49ca58b04190","e4841c70-b4c6-4c7b-9dfe-9866258a4929"
"9fe8d396-a824-4a02-a423-6ed903241508","true","efba7511-9202-4881-bdb4-9d7dbfd4c3ab","23d65601-4d2a-4555-ae4a-a76ad2190ad2","e4841c70-b4c6-4c7b-9dfe-9866258a4929"
"a1c57af5-c506-4782-ba69-e8fbae7b3341","false","d073cc3a-561c-4218-8b19-ee61756fe2f2","00055c71-6d12-4eb2-a8b0-fc97f22564f6","e5bfaae3-a210-477f-83cf-260eeaa3fb41"
"a1df3699-6e23-4f6c-bf63-da61b45c092c","true","c23c01a4-caf9-4084-9a9f-1d28e514db57","a8bbcec7-aad3-47c3-b60b-49ca58b04190","75a3c415-c286-44e7-b393-59814c358810"
"a33ef5ae-9ccb-453b-a021-130dc4b12346","true","6215357b-78e8-48b6-85d8-265032bf6dbf","7238a8cb-c329-4948-aebe-539b3272bec1","e4841c70-b4c6-4c7b-9dfe-9866258a4929"
"a3d698aa-05a0-45ac-b4fd-a956bd5af6f1","true","e1ea85fc-8cd4-4191-b525-bf9c42f52016","30f7a1c0-e3ca-4f11-8c1d-749d980ffc13","c25b59fd-f266-44a9-a888-fcf26a0fbb5c"
"a409bc09-58ef-4c16-a0cd-a70b39e8a245","false","78dece85-df2d-42dd-a279-22a957ad4a3c","5ae89a79-37a7-11ee-a552-0242ac12000d","6e9a5436-fd5f-4d6d-ba98-4117905d2125"
"a415b100-5f7f-4e21-b41d-2c94039836a1","false","b0800508-8734-4ec3-84c0-65a78e230d7b","57e220ee-37a7-11ee-a552-0242ac12000d","a7ba90f9-360c-4487-83d3-b498bbaebe8d"
"a42007b4-0772-495e-9ef0-c175bb221fbb","false","4e9b8a0b-0a24-4196-b87b-e3b01a8e6a05","00055c71-6d12-4eb2-a8b0-fc97f22564f6","f4e080ff-8060-463c-9e65-bb3707713f47"
"a5420490-e8cf-4930-9c1c-af28e07b7d30","true","be03af29-a162-4bbd-9d63-fd75c7ec55c4","7238a8cb-c329-4948-aebe-539b3272bec1","cf539447-6d05-4c54-89ab-f7ab4c47b179"
"a59f9342-d7b6-43b0-b87f-5ddeb0d0ed8e","false","5e19cef5-058b-4a8c-9da6-5f9a4786cd02","5ae89a79-37a7-11ee-a552-0242ac12000d","d5c0962f-0600-46ab-9528-4ab611e2dd61"
"a64d61be-c39b-46f8-98d5-9ef46a6fa77a","true","502cddcd-9456-477e-af97-7a9fda6b31ac","f3e9564c-3d45-4d59-95ff-f177623f0f30","a7ba90f9-360c-4487-83d3-b498bbaebe8d"
"a65efd05-5928-4011-8163-8345af572008","true","ea424966-c36e-4e35-8d71-6a7e66d6c81a","c2d79247-dbae-4c01-a529-cd0a602ad20e","75a3c415-c286-44e7-b393-59814c358810"
"a86229e7-1cf5-4d57-9d2a-2480b4c7042d","false","3a48037b-ba31-49b2-8c46-91b174a2ead2","91cade1f-4233-4959-9474-0faca6b371a0","e4841c70-b4c6-4c7b-9dfe-9866258a4929"
"a8a2fb5b-6deb-466a-b221-8bb9032704c5","false","4ff6a843-f489-4522-9ebe-547ae2795671","00e84b9d-f96b-4070-94fd-f7e1f5ff306f","75a3c415-c286-44e7-b393-59814c358810"
"a8be6bc6-2d56-4684-9648-e2a89deda710","true","a871c92d-8c75-489d-affc-5a8e7380ef8d","5cfde5b2-23e5-4332-9c40-ea36b187c199","ddc3a329-dce3-4f9a-9397-665a2ce84bcb"
"a93d8d98-715f-41e6-b373-990bc45191a8","true","85a145c5-ee9c-487f-a2f6-a7ab44ddec78","f3e9564c-3d45-4d59-95ff-f177623f0f30","03bcbc0b-225e-42e2-bdfd-82f81b8b8564"
"a9cb69ae-ff18-41cf-8e57-cd6941f63267","false","095fbf9f-7f87-43bd-853f-38658cef9f99","00055c71-6d12-4eb2-a8b0-fc97f22564f6","e4841c70-b4c6-4c7b-9dfe-9866258a4929"
"aaa53d23-e917-4faa-a6a3-20bf4454fcf4","false","f049567c-6c8f-492a-be25-2de9b6daa87f","91cade1f-4233-4959-9474-0faca6b371a0","a7ba90f9-360c-4487-83d3-b498bbaebe8d"
"ab53eb1b-684e-401f-bae6-c882a43c32d8","true","567f8566-5a74-4133-94de-3d8afe990c1c","2f49bc40-0d94-4bbb-913b-77cfed620c86","73f94f07-c1be-4e56-9959-b0de9f84d8e4"
"ab90b5f1-127a-4e7c-a57e-4efab9c07757","true","7f789f6d-5ddf-4e03-97ef-6d620ee2199a","55bded1e-eefb-43e4-93ed-81305631addc","cac1d1a1-7a8e-445a-a94b-d1c378cef58c"
"ab986bfe-7fcf-413e-b658-66445b61b00c","true","377284d3-5f4b-487b-a3ac-0ef50fcde3cb","a8bbcec7-aad3-47c3-b60b-49ca58b04190","e5bfaae3-a210-477f-83cf-260eeaa3fb41"
"acd2062b-fc60-4d51-9edc-413ba4f12a47","true","e5bbeb06-cb52-44dd-8850-82d2cf539662","57dc83c4-37a7-11ee-a552-0242ac12000d","cf539447-6d05-4c54-89ab-f7ab4c47b179"
"ae12224f-86b3-4626-9a7a-41f2d7c23e2b","true","b71f850c-af4a-4b75-acfc-bb88dd8931d5","5cfde5b2-23e5-4332-9c40-ea36b187c199","a7ba90f9-360c-4487-83d3-b498bbaebe8d"
"aef2ac44-48e4-4cdb-a6fb-8e8538801466","false","17079fda-925c-4615-868a-99d4a7a9f6f3","d0bdba2e-0350-4378-9fac-ee0b750ad196","f9e742ed-008d-4c88-8812-18d509f18562"
"af01c038-764d-4d0c-924b-a5852f708562","false","93b886ae-feca-43a5-8dec-ecc416b31247","91cade1f-4233-4959-9474-0faca6b371a0","a5e71e3c-26ef-4206-a050-01cce6fe2495"
"afe06ed9-67f7-43b9-aa91-1f7c584583ab","false","c60c7e18-70e1-44a9-a50c-3f4a7feff421","d0bdba2e-0350-4378-9fac-ee0b750ad196","e4841c70-b4c6-4c7b-9dfe-9866258a4929"
"b01c945d-2368-4fe0-bc1f-217c9a561ef6","false","02949120-7b9f-4060-85c7-6f8dfbc6916b","a1ccb60b-a1e8-4e24-8ef6-126ed94e9457","e4841c70-b4c6-4c7b-9dfe-9866258a4929"
"b13a62b5-7841-4e21-913a-47bf32333c73","true","be4ea2f1-4ded-4a34-b0ae-aebb38cf4ebe","f3e9564c-3d45-4d59-95ff-f177623f0f30","c25b59fd-f266-44a9-a888-fcf26a0fbb5c"
"b13adaa3-001b-4875-b3c3-b0adc7977e5b","true","e6cf4d78-e3d7-40e8-996d-69c995e3fff3","a9472015-e515-438e-8ef2-5f2397b4a5eb","e4841c70-b4c6-4c7b-9dfe-9866258a4929"
"b253bb25-0f18-4604-9880-c3529390da8b","true","25e2e5a5-7b38-4717-929d-578514181d07","a8bbcec7-aad3-47c3-b60b-49ca58b04190","f9e742ed-008d-4c88-8812-18d509f18562"
"b2cd9957-7976-42eb-aaa8-29fafe176e6a","false","cc7a8c7c-4fbb-4782-b355-0f47896ec065","00e84b9d-f96b-4070-94fd-f7e1f5ff306f","e4841c70-b4c6-4c7b-9dfe-9866258a4929"
"b3fb6015-1716-458a-bbb7-4dd97590d689","true","e1344cb8-748c-41ff-b1a6-fa6c50b3edf4","157fbff8-9bd2-4609-bb51-2a1f362d050c","75a3c415-c286-44e7-b393-59814c358810"
"b4fa88e3-2379-43eb-a8c9-277f1f3121f2","true","764045d8-f3ef-4ca8-afc7-8ee072282614","57e0e10b-37a7-11ee-a552-0242ac12000d","a7ba90f9-360c-4487-83d3-b498bbaebe8d"
"b5b4987a-c071-4a3c-831f-0ebc993299ad","true","542d86ed-8643-482a-9400-808557bf299c","57dda0a6-37a7-11ee-a552-0242ac12000d","ddc3a329-dce3-4f9a-9397-665a2ce84bcb"
"b5e45bdd-ae0e-4f4f-8d0c-7a905929bec8","false","e34aef7f-53d2-44b4-97e4-04c308e34862","a1ccb60b-a1e8-4e24-8ef6-126ed94e9457","03bcbc0b-225e-42e2-bdfd-82f81b8b8564"
"b61224fd-f2b9-45a3-850a-112cde187b03","true","840eb05e-fc81-4238-af76-cb7655d7af7f","b527806a-deff-480e-a5a3-5686ebb97232","a7ba90f9-360c-4487-83d3-b498bbaebe8d"
"b65c1c77-f576-44d8-9780-a8cf49fe7bd3","true","e52d2690-d038-4eec-b04a-4124fe5d57b0","57deaee5-37a7-11ee-a552-0242ac12000d","cac1d1a1-7a8e-445a-a94b-d1c378cef58c"
"b75e5b19-d0b5-47b2-b532-c0450979597b","true","1f18c9a6-e35e-4275-8a71-4c2c33454982","0ab0541c-9d94-4c93-8bc7-eca24bdef550","f9e742ed-008d-4c88-8812-18d509f18562"
"b90407f6-9888-463c-b4de-cd5a165e6940","false","11c745dd-273a-4567-abb5-df88412d74ac","0117b126-6606-469b-9cc7-24cc953b03cc","03bcbc0b-225e-42e2-bdfd-82f81b8b8564"
"b93238f2-829b-4bfc-be60-c853987e231c","true","489ede89-eac3-4789-9143-1629e1a0cc59","04e0a552-ecd6-446d-b4d8-2218f60dff44","877850f7-6599-433d-8401-ae919c0a7b83"
"b93f2aae-f1ac-4a43-ab37-3c58ca99be93","true","d6bf6280-01f8-4ee0-bee4-08eb5ba7f3d8","30f7a1c0-e3ca-4f11-8c1d-749d980ffc13","a7ba90f9-360c-4487-83d3-b498bbaebe8d"
"b97fb8d1-8932-4cc0-ad4d-444379f9d284","true","b50a1915-3ec8-4663-8605-3cb05b95e06e","5cfde5b2-23e5-4332-9c40-ea36b187c199","f9e742ed-008d-4c88-8812-18d509f18562"
"b9f3c4b8-2a3f-4f9a-b7f9-ccd2688e7315","false","0a057cea-046c-4cba-8e97-06938ff97951","91cade1f-4233-4959-9474-0faca6b371a0","03bcbc0b-225e-42e2-bdfd-82f81b8b8564"
"ba0d91fe-0a3c-46b8-a367-05c7a332124e","false","42cbee4e-13ad-454b-b8d2-df25101c91f3","00e84b9d-f96b-4070-94fd-f7e1f5ff306f","a7ba90f9-360c-4487-83d3-b498bbaebe8d"
"ba5874cc-d0a2-483f-9761-8cd8f3091d62","true","e26aa2f2-bfd7-425b-88f0-a4a3744c7f2a","589fb02c-37a7-11ee-a552-0242ac12000d","e4841c70-b4c6-4c7b-9dfe-9866258a4929"
"ba7207ca-a582-45be-8c86-cc1c3eb872bd","false","19db205d-bc03-4eab-9ce7-43a977f03cdd","37c95e47-7510-4e53-a96d-e2cc22124acf","8fe23b3c-de24-491a-adbd-d192299d4554"
"bb1f54e6-8e82-4210-8f02-0d27a7f9f7ab","true","287b1d83-3538-4b16-b45e-c913667543fa","c2d79247-dbae-4c01-a529-cd0a602ad20e","e4841c70-b4c6-4c7b-9dfe-9866258a4929"
"bb2227f0-7714-4efb-b1cb-f97f8fd3a335","true","094e5f42-512e-4519-a9a0-926f5f4e6416","30f7a1c0-e3ca-4f11-8c1d-749d980ffc13","e4841c70-b4c6-4c7b-9dfe-9866258a4929"
"bbd04042-e91c-4ba9-8429-39b6822d0044","true","03411209-49cc-45af-9204-2131482769ae","7238a8cb-c329-4948-aebe-539b3272bec1","75a3c415-c286-44e7-b393-59814c358810"
"bbeb0b87-5286-4ddc-966a-8ff76497178e","true","f944b1ae-0fc0-49d6-8933-1287ae184569","c2d79247-dbae-4c01-a529-cd0a602ad20e","c25b59fd-f266-44a9-a888-fcf26a0fbb5c"
"bcaed852-f55a-4ed8-b540-82a5738cf578","false","6c23d187-816b-47b1-9b3c-4e6133eae898","a3dcd0ff-c597-4395-8df9-19b7c36dc51d","f4e080ff-8060-463c-9e65-bb3707713f47"
"bcd30995-ffc2-49d9-8100-a47463534e5e","true","8fcab814-224d-4efe-8bae-636d07a43da9","55bded1e-eefb-43e4-93ed-81305631addc","a7ba90f9-360c-4487-83d3-b498bbaebe8d"
"bd8b0be4-f67e-48f2-b212-a61a7d117b57","true","d1dd48ac-8cba-4201-b129-479c003e0983","57dda0a6-37a7-11ee-a552-0242ac12000d","a7ba90f9-360c-4487-83d3-b498bbaebe8d"
"be14d0cb-eda1-4f69-8daa-079f01f8cb70","true","7fcc16e0-03ef-475a-886d-6a0158a77d31","55bded1e-eefb-43e4-93ed-81305631addc","03bcbc0b-225e-42e2-bdfd-82f81b8b8564"
"bf1883c8-ab20-458f-88ff-2e4220b1663d","true","33d749c1-bf2e-4b62-87ab-81e4f518e2ef","30f7a1c0-e3ca-4f11-8c1d-749d980ffc13","cf539447-6d05-4c54-89ab-f7ab4c47b179"
"bf530f6e-28cc-452e-b72f-18c097919ef2","true","adcdc85d-3fca-40f3-b57f-d6381f508505","a9472015-e515-438e-8ef2-5f2397b4a5eb","03bcbc0b-225e-42e2-bdfd-82f81b8b8564"
"c07f4aae-e582-4c4e-9ef7-88f69441f01d","false","c4a22926-2dda-4274-aa03-55f199e71eae","a1ccb60b-a1e8-4e24-8ef6-126ed94e9457","75a3c415-c286-44e7-b393-59814c358810"
"c2447672-0937-49c1-a1c3-54be72427741","true","96dbce1c-2ef8-4387-bfd1-d5a04de15cc6","c2d79247-dbae-4c01-a529-cd0a602ad20e","cac1d1a1-7a8e-445a-a94b-d1c378cef58c"
"c248261d-9c9c-482c-a791-8fd097e469b9","true","b4572263-edcf-4bcc-bfee-732d73d8b5d7","7b252ef9-588f-4541-8284-983e27d2d7ce","8fe23b3c-de24-491a-adbd-d192299d4554"
"c32b5db0-c971-4c0a-8674-7d208b8c18e4","true","1378c28d-e6ee-419b-b4f3-8f377451b2b3","5cfde5b2-23e5-4332-9c40-ea36b187c199","e4841c70-b4c6-4c7b-9dfe-9866258a4929"
"c40ca185-6e3c-4240-80c9-217d11a466a6","false","fc1a5ee1-c562-4f88-a698-90f6710cf915","a1ccb60b-a1e8-4e24-8ef6-126ed94e9457","ddc3a329-dce3-4f9a-9397-665a2ce84bcb"
"c442d236-a8aa-47f7-9cf1-773613f75667","false","83640a28-9a1f-4fa1-ae7f-9f4bb6104ee8","5ae89a79-37a7-11ee-a552-0242ac12000d","f4196fd1-1921-45c8-8ac1-8b46ce99bb7c"
"c4ea1fec-44f7-44ec-a17f-dc8440d06878","true","0382aeb3-ae94-4c0c-bc8c-2c695142465f","5cfde5b2-23e5-4332-9c40-ea36b187c199","e5bfaae3-a210-477f-83cf-260eeaa3fb41"
"c585967c-9d02-4b5f-8fb9-b7839afdd47c","false","d0d201db-bfb4-40f7-9d3f-1d007842e098","57e220ee-37a7-11ee-a552-0242ac12000d","ddc3a329-dce3-4f9a-9397-665a2ce84bcb"
"c71c387c-071b-4500-9394-1fdf52cb70bf","true","c15a4b71-f88c-4657-a536-547695fe6026","589fb02c-37a7-11ee-a552-0242ac12000d","cf539447-6d05-4c54-89ab-f7ab4c47b179"
"c738f315-d159-4565-a1e3-f09d8b0c8836","false","2c4b06e0-7642-4d92-bcaf-8d627b9f53cf","91cade1f-4233-4959-9474-0faca6b371a0","75a3c415-c286-44e7-b393-59814c358810"
"c7cdc472-1c96-411d-8912-4d18c419922b","true","bb7d4870-4715-4c15-bb69-3fd3ecab0dd3","57deaee5-37a7-11ee-a552-0242ac12000d","cf539447-6d05-4c54-89ab-f7ab4c47b179"
"c833efdc-5005-4bf0-8abd-e938488382a3","true","f0e119ea-07bc-4d3b-baed-9e05dcaaa312","57dfd3da-37a7-11ee-a552-0242ac12000d","e4841c70-b4c6-4c7b-9dfe-9866258a4929"
"c843a1d8-ecb5-4c62-98d6-a21f91a9ec03","true","0d4964bc-f48d-4e99-974e-6575d3391664","f3e9564c-3d45-4d59-95ff-f177623f0f30","cac1d1a1-7a8e-445a-a94b-d1c378cef58c"
"c8653b1e-7014-4148-9f61-f335be9d266b","false","8f55a1b2-9802-40e8-a0bc-b5a448fed89c","13663909-f6fe-4567-bc40-39ed0fdaef4a","877850f7-6599-433d-8401-ae919c0a7b83"
"c880cdb4-d550-4912-835b-cd8b4fabb79f","true","6c231995-e49a-48df-936b-2ffc426211a7","ead3043b-1d93-43bd-b560-53446efcfd4a","f4196fd1-1921-45c8-8ac1-8b46ce99bb7c"
"c8a6cd11-dba9-4183-9933-00015cc744e0","true","cfc2f04c-a80a-4121-8b41-07349bd021c1","57e0e10b-37a7-11ee-a552-0242ac12000d","e5bfaae3-a210-477f-83cf-260eeaa3fb41"
"c9dff67a-e61d-456e-86cb-0e6494690d85","true","c2614ca0-c6c8-4bb2-9f0a-80b6718a2fe2","57dfd3da-37a7-11ee-a552-0242ac12000d","f4e080ff-8060-463c-9e65-bb3707713f47"
"ca4cbe37-f31a-4aa5-9a56-723874389f0b","true","9044d10e-e2d5-4505-8fe7-dc139832b580","2f49bc40-0d94-4bbb-913b-77cfed620c86","3a16dcf1-3e7f-4018-9348-751fd17c51d5"
"ca600af5-d08d-46ae-a2f5-258a36f79162","false","e561af0a-8b50-485d-b289-54f00fd1a55d","0117b126-6606-469b-9cc7-24cc953b03cc","cac1d1a1-7a8e-445a-a94b-d1c378cef58c"
"ca7515b3-0bf3-44c6-b70e-41dda3a24c7f","true","8012fadc-63f6-4177-ae14-67dd8b5a658b","23d65601-4d2a-4555-ae4a-a76ad2190ad2","03bcbc0b-225e-42e2-bdfd-82f81b8b8564"
"ca75f47c-6e8d-4ad9-b405-fb8b501cd5d6","true","eaf784b5-54fd-4621-99c7-998eafea7bd1","23d65601-4d2a-4555-ae4a-a76ad2190ad2","ddc3a329-dce3-4f9a-9397-665a2ce84bcb"
"ca7cefbb-9832-4a5e-94d9-5af03d713cb7","true","de753c8a-f981-454b-ad23-7da34d691385","5ae9b5f7-37a7-11ee-a552-0242ac12000d","f4196fd1-1921-45c8-8ac1-8b46ce99bb7c"
"cac46f26-4113-4382-bdca-cb707b850f10","true","d773e13d-da03-4829-b832-6220b57397c8","157fbff8-9bd2-4609-bb51-2a1f362d050c","e5bfaae3-a210-477f-83cf-260eeaa3fb41"
"cacefcb5-c507-4a78-bf96-1b9723f1a800","true","cfbc08dc-147d-4234-965f-dbcaf4731047","57e0e10b-37a7-11ee-a552-0242ac12000d","a5e71e3c-26ef-4206-a050-01cce6fe2495"
"cb3f3423-0b40-4d6b-ba1b-2f2b08380aa0","true","880b4a07-4000-49b1-86d4-4abcd2288a58","c2d79247-dbae-4c01-a529-cd0a602ad20e","03bcbc0b-225e-42e2-bdfd-82f81b8b8564"
"cc033959-454e-4e71-9c38-8b8b7ced2bd6","true","247381bf-2888-4c02-b728-d9f9fe1a45ed","f15c058f-5a03-4f0a-9083-beffb5bd7e95","04e481f8-2ce8-43d6-8d3e-76e6276f0fb0"
"cc0cc0be-63a3-49d3-ae79-57612dff3009","false","93afdbd5-4ae7-4d35-9394-ea238e1a2a9f","00055c71-6d12-4eb2-a8b0-fc97f22564f6","cf539447-6d05-4c54-89ab-f7ab4c47b179"
"cc2f0619-731d-4966-a368-648c9956a8bc","true","6e511ec6-464c-42cb-b1da-961d2c3fcecf","57deaee5-37a7-11ee-a552-0242ac12000d","75a3c415-c286-44e7-b393-59814c358810"
"cd9aa551-6fb1-49cc-ac24-76ffe1981955","false","322bf6a1-1acf-41bd-b295-8d41dad68c63","a1ccb60b-a1e8-4e24-8ef6-126ed94e9457","a5e71e3c-26ef-4206-a050-01cce6fe2495"
"cdaf1cc0-742f-434a-b74d-f631ead04f59","false","fd5abc1e-f2c2-49da-a1de-784d176164f2","a1ccb60b-a1e8-4e24-8ef6-126ed94e9457","e5bfaae3-a210-477f-83cf-260eeaa3fb41"
"cde5f2a9-4fa0-4033-b8a2-363c2e9f8d59","true","d55663c0-b5c6-4d47-b511-eaededbb4255","57deaee5-37a7-11ee-a552-0242ac12000d","f9e742ed-008d-4c88-8812-18d509f18562"
"ce8623b9-84ac-4b87-90cf-ade29187021f","true","6d53b08e-8e94-4ee7-ac02-614202806a48","589e99fd-37a7-11ee-a552-0242ac12000d","f4e080ff-8060-463c-9e65-bb3707713f47"
"ce8b3592-153e-467c-954a-b5358e7119b9","true","065e7d2e-8375-4a3d-aa9d-51f16767b96a","a9472015-e515-438e-8ef2-5f2397b4a5eb","a7ba90f9-360c-4487-83d3-b498bbaebe8d"
"cf699fb4-ae0c-4207-aea8-804cff145728","true","7f88b66e-3895-41ba-85c3-7b64c11c7f41","589fb02c-37a7-11ee-a552-0242ac12000d","e5bfaae3-a210-477f-83cf-260eeaa3fb41"
"cfea5afd-dd38-413f-9601-3d68e9ca8638","true","62ab873f-0ef3-4539-b551-abafeb85a102","0ab0541c-9d94-4c93-8bc7-eca24bdef550","e4841c70-b4c6-4c7b-9dfe-9866258a4929"
"d0265080-444e-4f02-a2b6-76121694abb1","true","94a3534f-e85e-4071-8728-24854cfe6481","57deaee5-37a7-11ee-a552-0242ac12000d","a7ba90f9-360c-4487-83d3-b498bbaebe8d"
"d03db45c-55e5-4280-b7e3-e74006d6165b","true","76e75b39-556a-40a9-b2f7-f95693bdaffc","589fb02c-37a7-11ee-a552-0242ac12000d","f9e742ed-008d-4c88-8812-18d509f18562"
"d0f8cec4-acd8-4b2a-a10e-0751cfcbd27e","true","91e40d0b-92e3-43c5-b74c-1db7136603fe","b527806a-deff-480e-a5a3-5686ebb97232","ddc3a329-dce3-4f9a-9397-665a2ce84bcb"
"d1c86c38-565b-4cf3-aa8b-25fa499834f8","false","abdcfdda-0b62-43d0-b0bf-d8a1c3cd1752","00055c71-6d12-4eb2-a8b0-fc97f22564f6","03bcbc0b-225e-42e2-bdfd-82f81b8b8564"
"d2150b05-b614-4dae-b367-5cc471cb9dc8","true","99f586f8-850e-4757-aca3-da3c7262c8cf","5cfde5b2-23e5-4332-9c40-ea36b187c199","f4e080ff-8060-463c-9e65-bb3707713f47"
"d23ad797-9149-4ac8-869f-f346cc430af6","false","78a46265-622c-4e10-8e05-6adf0d8360fd","91cade1f-4233-4959-9474-0faca6b371a0","e5bfaae3-a210-477f-83cf-260eeaa3fb41"
"d4f3b0ff-e11e-4c34-a67e-9c6ca9e0121e","true","6265ac10-9680-423d-8c51-837b8c36d0b7","0ab0541c-9d94-4c93-8bc7-eca24bdef550","03bcbc0b-225e-42e2-bdfd-82f81b8b8564"
"d632f30c-ec39-450f-be1e-44b2a8219478","true","39107180-dad3-4660-ad81-da7f4d7353df","b527806a-deff-480e-a5a3-5686ebb97232","f9e742ed-008d-4c88-8812-18d509f18562"
"d70c83d7-4657-4d4f-a1e8-0d93dab23f85","true","4216731b-9cf0-4286-acd1-db8b19b76d31","c2d79247-dbae-4c01-a529-cd0a602ad20e","f9e742ed-008d-4c88-8812-18d509f18562"
"d72f15bd-3278-40c7-9f48-b4177de49313","true","b79fa97e-a3c9-47df-aed3-a0f59e3be413","f3e9564c-3d45-4d59-95ff-f177623f0f30","e4841c70-b4c6-4c7b-9dfe-9866258a4929"
"d7637e26-2ac1-4864-ba7e-fb93e1e013b7","true","6210b368-7d59-4a1b-b734-6e3bbafda76b","04e0a552-ecd6-446d-b4d8-2218f60dff44","8fe23b3c-de24-491a-adbd-d192299d4554"
"d88dd611-d3f1-4d7c-8a92-56e78976ce6a","false","9aa0805c-56d8-4f73-8bcf-bf54e91d2571","57e220ee-37a7-11ee-a552-0242ac12000d","75a3c415-c286-44e7-b393-59814c358810"
"d9637671-0532-427f-8c70-3d29ad9113ac","false","05f26540-cacf-4a71-8a1a-4816b3a6777c","a1ccb60b-a1e8-4e24-8ef6-126ed94e9457","c25b59fd-f266-44a9-a888-fcf26a0fbb5c"
"d9922755-c0bf-47bb-80d0-af9307ce5409","false","2382fe53-d0b7-40f7-b4ee-6dfabaa8431e","57e220ee-37a7-11ee-a552-0242ac12000d","e4841c70-b4c6-4c7b-9dfe-9866258a4929"
"d99a0bc6-fee5-4a4e-ba5a-882988c9b8ab","false","85352457-659b-44e7-94f8-3ae6bd1ddac4","a3dcd0ff-c597-4395-8df9-19b7c36dc51d","f9e742ed-008d-4c88-8812-18d509f18562"
"d9c14b40-1483-40df-9d94-f8df687ba158","false","bd50ff40-8bda-47fc-807e-065a34dbe162","d0bdba2e-0350-4378-9fac-ee0b750ad196","e5bfaae3-a210-477f-83cf-260eeaa3fb41"
"d9c48415-cca4-48f2-9495-e96b633e462c","true","bf8e89ad-d0c0-4122-9b0a-52d3da6605ea","589e99fd-37a7-11ee-a552-0242ac12000d","03bcbc0b-225e-42e2-bdfd-82f81b8b8564"
"da1302d4-5d3e-487d-85d2-11c2b616e8e4","true","ee81fe43-bb24-4b45-b046-ade6c461009d","b527806a-deff-480e-a5a3-5686ebb97232","75a3c415-c286-44e7-b393-59814c358810"
"da52923d-1dc6-40ff-8b7a-fd00c1a52534","true","55a65db6-a522-4e66-b7bd-c2df1fa91ea1","57dfd3da-37a7-11ee-a552-0242ac12000d","e5bfaae3-a210-477f-83cf-260eeaa3fb41"
"daa53ba3-d90e-4083-a621-86f512b2d1cf","true","b599a722-d075-4a25-b6f2-03259c2ce22c","a8bbcec7-aad3-47c3-b60b-49ca58b04190","c25b59fd-f266-44a9-a888-fcf26a0fbb5c"
"db79ca5b-bf6f-4dd1-b2ff-b957b1443682","true","7d903445-ffa6-43e3-9cdb-1c16f0c0527b","55bded1e-eefb-43e4-93ed-81305631addc","a5e71e3c-26ef-4206-a050-01cce6fe2495"
"db7d63ec-dea3-4a5e-a806-a748a1416fb1","false","170de8ef-8934-4421-8b59-873ede6cfba7","57e220ee-37a7-11ee-a552-0242ac12000d","f4e080ff-8060-463c-9e65-bb3707713f47"
"dc34038e-1243-4219-a8d4-15712c375885","false","c83a2f65-03a0-4c47-81ef-bc68e57429b3","00055c71-6d12-4eb2-a8b0-fc97f22564f6","ddc3a329-dce3-4f9a-9397-665a2ce84bcb"
"dca3766e-e531-44d4-a926-a33a6ac92375","false","92f2166d-af85-478c-809c-ec0ad7ec474b","a3dcd0ff-c597-4395-8df9-19b7c36dc51d","cac1d1a1-7a8e-445a-a94b-d1c378cef58c"
"dcf01d45-8ac6-4001-b7b7-aef02ff22a80","true","60c55f3a-4674-4b77-8195-ae939b4bcb09","b527806a-deff-480e-a5a3-5686ebb97232","c25b59fd-f266-44a9-a888-fcf26a0fbb5c"
"dda2e188-9a90-45a8-86c4-1ae29ca73164","false","4738e9ab-64ad-458f-a15d-305151643e18","a3dcd0ff-c597-4395-8df9-19b7c36dc51d","ddc3a329-dce3-4f9a-9397-665a2ce84bcb"
"ddd79105-b587-4b23-86e8-cfb44c2c45e5","true","da22d9be-124b-48dc-8345-fa9fa6c87c27","0ab0541c-9d94-4c93-8bc7-eca24bdef550","75a3c415-c286-44e7-b393-59814c358810"
"de8add69-1049-4eb7-a5bd-a6645592f097","true","f53a50e7-0d1a-467d-8965-a30aea659135","30f7a1c0-e3ca-4f11-8c1d-749d980ffc13","e5bfaae3-a210-477f-83cf-260eeaa3fb41"
"df39baf9-1737-41cc-b010-e572913fc2de","true","2f0999cd-255e-4851-9b7a-b5b9157d5e5e","5ae89a79-37a7-11ee-a552-0242ac12000d","e39f4200-c842-4c68-a0c5-37745c46f76c"
"e03ac13a-43c8-4890-b4df-28c063011f7d","true","3b6d3b2b-204d-4ba2-a87d-445a0ecd56ae","589e99fd-37a7-11ee-a552-0242ac12000d","e5bfaae3-a210-477f-83cf-260eeaa3fb41"
"e0edecc2-38ad-467f-99a2-754631a5d0d1","false","9ea0dfb8-a51c-4171-ae72-b44ad46e4a13","5ae9b5f7-37a7-11ee-a552-0242ac12000d","6e9a5436-fd5f-4d6d-ba98-4117905d2125"
"e1b12460-6c52-46fe-ba84-5d7a32ffa14e","false","06bf59c5-05be-4fa2-aad0-c9f786a4f776","57e220ee-37a7-11ee-a552-0242ac12000d","03bcbc0b-225e-42e2-bdfd-82f81b8b8564"
"e1bdc46e-31da-4240-b4b5-eb8e8c508286","false","90052131-8f87-4c21-94cc-2a10927c989d","a3dcd0ff-c597-4395-8df9-19b7c36dc51d","c25b59fd-f266-44a9-a888-fcf26a0fbb5c"
"e48958a9-a7e1-4125-b491-f1c1600267dd","true","25c424c0-30c4-4f86-8fa3-357374c208a6","a9472015-e515-438e-8ef2-5f2397b4a5eb","c25b59fd-f266-44a9-a888-fcf26a0fbb5c"
"e5478571-9200-4e73-be5b-024d6982ec40","true","98e2235a-6b92-427f-b6ca-b7606620f6b1","55bded1e-eefb-43e4-93ed-81305631addc","f4e080ff-8060-463c-9e65-bb3707713f47"
"e592fa5f-c2bd-46d4-8838-b0395ae0416b","true","972d7b54-faa9-4977-825e-0e3907114cbb","9fb98359-8279-4b1f-8950-dcecf9c93e98","c25b59fd-f266-44a9-a888-fcf26a0fbb5c"
"e5a2026c-960b-4e09-9a17-33da8c529919","true","fa3c74bb-ba6b-44ec-98c8-d1c25ad8bf59","55bded1e-eefb-43e4-93ed-81305631addc","cf539447-6d05-4c54-89ab-f7ab4c47b179"
"e5cdc5f1-5463-4469-a9ff-865af7f287d2","true","8a588c01-324e-4934-8613-c358249bf7ce","57dfd3da-37a7-11ee-a552-0242ac12000d","c25b59fd-f266-44a9-a888-fcf26a0fbb5c"
"e669bda1-522e-47d4-9461-ef15bc6c0b32","true","91fd70fb-997d-4ac8-a543-7b6313791734","57e0e10b-37a7-11ee-a552-0242ac12000d","e4841c70-b4c6-4c7b-9dfe-9866258a4929"
"e978e499-30b5-4a11-aac5-2adce74aa94a","true","9b0dc0c2-080c-4b10-8218-6ca594938776","13663909-f6fe-4567-bc40-39ed0fdaef4a","8fe23b3c-de24-491a-adbd-d192299d4554"
"e995add5-2be5-4004-b00f-e1ec1ebbc253","true","86d71914-02ed-42d3-bc80-449782104f31","2f49bc40-0d94-4bbb-913b-77cfed620c86","8fe23b3c-de24-491a-adbd-d192299d4554"
"e9c08ecd-29af-4ad1-be97-273a07a76fb3","true","a9e3bee0-b96f-4198-a409-cd2d31c600c3","5cfde5b2-23e5-4332-9c40-ea36b187c199","cf539447-6d05-4c54-89ab-f7ab4c47b179"
"e9ea8526-7cf7-42c5-823d-14d8ff86e759","true","2b88f818-51aa-4558-927d-98117dcdab10","589e99fd-37a7-11ee-a552-0242ac12000d","cac1d1a1-7a8e-445a-a94b-d1c378cef58c"
"e9ee2fac-696a-4c99-ba15-0e77d88ad85a","true","e78b5d97-0053-40c8-b0bb-1a794807f66e","7238a8cb-c329-4948-aebe-539b3272bec1","c25b59fd-f266-44a9-a888-fcf26a0fbb5c"
"ea6e5b6b-4dc2-4dee-9a14-cedd6bf27304","true","2651d3f3-490e-402e-b9ca-f94013437c55","9fb98359-8279-4b1f-8950-dcecf9c93e98","e5bfaae3-a210-477f-83cf-260eeaa3fb41"
"eafd5969-91a7-4b8b-9d2b-1d648e093603","false","94a9129c-3749-4b53-b32d-493190b942a2","57e220ee-37a7-11ee-a552-0242ac12000d","cac1d1a1-7a8e-445a-a94b-d1c378cef58c"
"ecf34cd0-58e3-4785-bb4b-106c1f590d87","true","09cf7e05-2ad2-478f-8815-40d238f8cc2c","589e99fd-37a7-11ee-a552-0242ac12000d","cf539447-6d05-4c54-89ab-f7ab4c47b179"
"ed9ffccb-117e-474c-84f2-c10d43b245d4","true","96722721-6dec-4037-8d84-c5a776ed664c","9fb98359-8279-4b1f-8950-dcecf9c93e98","a7ba90f9-360c-4487-83d3-b498bbaebe8d"
"ee0d416b-762f-4194-9b51-4d71fdb42160","true","e7a501d2-3b87-4d72-b349-cf527b6ed5df","157fbff8-9bd2-4609-bb51-2a1f362d050c","e4841c70-b4c6-4c7b-9dfe-9866258a4929"
"ee61631c-bc89-496a-aed4-cdf1b958c351","true","3ff82fab-cd52-4f23-a19c-ae291afa9cce","ead3043b-1d93-43bd-b560-53446efcfd4a","e39f4200-c842-4c68-a0c5-37745c46f76c"
"eec9f662-a7af-40a1-bc48-3707fbaf0e37","false","029597c8-2308-4aed-912c-80a80a1f851b","00e84b9d-f96b-4070-94fd-f7e1f5ff306f","c25b59fd-f266-44a9-a888-fcf26a0fbb5c"
"ef9759d8-769c-478d-be25-5240ff80cc3e","true","a2b16ff0-ce4a-47ef-99b7-227db791de3c","f3e9564c-3d45-4d59-95ff-f177623f0f30","ddc3a329-dce3-4f9a-9397-665a2ce84bcb"
"f04dfa29-8af7-4429-ae5a-498c77c8b755","true","8298c80d-0478-4fbf-94f4-f60776246402","57e0e10b-37a7-11ee-a552-0242ac12000d","f4e080ff-8060-463c-9e65-bb3707713f47"
"f0af8af7-c745-4882-882e-b32a7c66a360","true","5d88a1d2-ddfd-4506-8f4f-6b8d882f6d28","b527806a-deff-480e-a5a3-5686ebb97232","e4841c70-b4c6-4c7b-9dfe-9866258a4929"
"f0d4217c-e9a1-406d-bbda-02bb6ce374b7","true","bf06cbfd-246e-4087-bb20-86416f7ed153","23d65601-4d2a-4555-ae4a-a76ad2190ad2","f9e742ed-008d-4c88-8812-18d509f18562"
"f0d7cffd-6d23-4aa2-bf10-e30c553d5173","true","acfeb249-b789-460b-9259-5bcd946f2a01","57e0e10b-37a7-11ee-a552-0242ac12000d","f9e742ed-008d-4c88-8812-18d509f18562"
"f15963e9-e139-45ac-9175-8043eee88371","true","04a5975d-8338-4a8f-91a2-474bedda110b","c2d79247-dbae-4c01-a529-cd0a602ad20e","f4e080ff-8060-463c-9e65-bb3707713f47"
"f1a979e1-82fc-4b1e-8cd5-6d571a7ce13c","false","5f3532aa-ef44-4b47-9b70-8c4ae3ee362f","b0ac1a6b-3c39-428f-b7ee-a639edd55279","1502454e-07f5-41fe-97e8-5a184af36074"
"f1b8bf06-3db5-4431-8574-3bb0ba0f88e3","true","c9b2979f-2d54-4255-8bf2-f9ec0cb00547","a9472015-e515-438e-8ef2-5f2397b4a5eb","a5e71e3c-26ef-4206-a050-01cce6fe2495"
"f444f68b-6201-4064-857d-d1476cf7772c","false","017c3359-c367-444f-9939-8a5a0a3cafb9","a1ccb60b-a1e8-4e24-8ef6-126ed94e9457","f9e742ed-008d-4c88-8812-18d509f18562"
"f6d9f322-733c-4480-944a-b4b24841a6c9","true","ef3b32d2-c98b-4a63-95ab-0130bf12cd89","57dfd3da-37a7-11ee-a552-0242ac12000d","a7ba90f9-360c-4487-83d3-b498bbaebe8d"
"f739bf94-befb-4a14-865a-ec3f07688ec7","true","7b858d28-aad0-47da-a215-128c0a7658dd","57deaee5-37a7-11ee-a552-0242ac12000d","e4841c70-b4c6-4c7b-9dfe-9866258a4929"
"f873524b-ef03-45f1-af81-91228d79bcaa","true","06c4dd6f-fdc3-4929-a78a-fabcd61c102a","c2d79247-dbae-4c01-a529-cd0a602ad20e","e5bfaae3-a210-477f-83cf-260eeaa3fb41"
"f8a79e27-0e58-43bb-8645-43841f3f279e","false","42005ba4-4679-4108-8b89-8530e795b350","0117b126-6606-469b-9cc7-24cc953b03cc","a5e71e3c-26ef-4206-a050-01cce6fe2495"
"f94047ff-8526-4810-993f-d0cf18d8b7d4","true","7ffb8e08-83c5-4f07-b571-73d998f4679f","9fb98359-8279-4b1f-8950-dcecf9c93e98","f4e080ff-8060-463c-9e65-bb3707713f47"
"f99a256b-5e4e-4221-b93f-8dd07d9b397a","false","3365c644-2244-4058-bc17-652eafdd0b21","d0bdba2e-0350-4378-9fac-ee0b750ad196","75a3c415-c286-44e7-b393-59814c358810"
"f9a3edc3-db62-4b4d-a0d6-05c1ab76e4c6","true","004b6fd1-c2bc-4a53-8cd6-b82707e90a2b","30f7a1c0-e3ca-4f11-8c1d-749d980ffc13","03bcbc0b-225e-42e2-bdfd-82f81b8b8564"
"f9dd79a1-a39d-4a71-b5ce-7a2f6f2be1f5","true","f11215c5-1e7e-4ac8-9a98-f007367be828","157fbff8-9bd2-4609-bb51-2a1f362d050c","a7ba90f9-360c-4487-83d3-b498bbaebe8d"
"fb4c3d95-fbcc-468a-bf67-36bf4343312c","false","0687904b-8c38-40f4-b5cc-e4306f8cc87d","b0ac1a6b-3c39-428f-b7ee-a639edd55279","48705467-428d-4ee5-8632-b9ec633df049"
"fca0e733-67b9-4aab-b57a-58e8e5ef6eee","false","a62694d5-8200-474e-858a-fbc11582d488","d0bdba2e-0350-4378-9fac-ee0b750ad196","a5e71e3c-26ef-4206-a050-01cce6fe2495"
"fcbe160e-4c82-4572-91de-f5a38d1efa12","true","ad35e22d-205c-446a-92d1-dbbc47c0fe56","57dda0a6-37a7-11ee-a552-0242ac12000d","cac1d1a1-7a8e-445a-a94b-d1c378cef58c"
"fde39b9c-37e7-4353-b023-8802acf0dee6","true","34a4fd0f-c0f9-4538-a52c-6429e0cb4c3e","9fb98359-8279-4b1f-8950-dcecf9c93e98","cf539447-6d05-4c54-89ab-f7ab4c47b179"
"fe78d7c7-443f-4196-81e9-979f0c730107","false","b40381dc-d59e-4e06-aeaa-833ced38652c","a3dcd0ff-c597-4395-8df9-19b7c36dc51d","e4841c70-b4c6-4c7b-9dfe-9866258a4929"
"feb43da7-9b4a-441f-9601-8f8692fc007d","true","6f41006e-6184-4a03-8111-da360eef5c90","589e99fd-37a7-11ee-a552-0242ac12000d","e4841c70-b4c6-4c7b-9dfe-9866258a4929"
"fee67a89-e144-40f8-87ab-2a4133b5cfc8","true","a90dc6f2-e50c-47e0-b4eb-cd790dd0cda3","57deaee5-37a7-11ee-a552-0242ac12000d","a5e71e3c-26ef-4206-a050-01cce6fe2495"
