"a5e71e3c-26ef-4206-a050-01cce6fe2495","078d5f5a-8386-4e1a-9090-4412dbbe15b1"
"f4e080ff-8060-463c-9e65-bb3707713f47","0ed375e7-97be-415d-a4ea-ffc069d2c87b"
"d5c0962f-0600-46ab-9528-4ab611e2dd61","104a6c98-b7eb-4d9d-a38d-3bc18fc5f65f"
"48705467-428d-4ee5-8632-b9ec633df049","20f890d1-2162-4041-8796-6da3ada07ca3"
"75a3c415-c286-44e7-b393-59814c358810","28afc383-8a32-4e1e-b0b2-e4ca2820efb5"
"3a16dcf1-3e7f-4018-9348-751fd17c51d5","34270ee8-5822-484e-9be6-b69d96016ce7"
"e4841c70-b4c6-4c7b-9dfe-9866258a4929","461e282d-867e-4d09-878a-97329a20eff8"
"e39f4200-c842-4c68-a0c5-37745c46f76c","4690d600-aa09-4e34-85a2-0df5ecd46ff9"
"04e481f8-2ce8-43d6-8d3e-76e6276f0fb0","46fa1e52-2fb5-4f69-931b-ac20fd66299e"
"73f94f07-c1be-4e56-9959-b0de9f84d8e4","5abbf86c-c44f-4806-86bf-69aab0c7d9ca"
"72f02bc3-9fbf-4d61-a0d5-62d91b8e9716","6133bb5b-19e9-45b7-a249-9689c00ac3d2"
"322a0ddd-a0e2-47c1-a4f6-ccadb24fa0d3","7f533e22-b7dd-4b7f-8b12-032fd139188e"
"03bcbc0b-225e-42e2-bdfd-82f81b8b8564","80a65336-281e-4b53-8e90-2da766f0aa3a"
"1502454e-07f5-41fe-97e8-5a184af36074","8bfb6a7e-9096-4d5e-a03e-e1a1e5cb89d5"
"6e9a5436-fd5f-4d6d-ba98-4117905d2125","99feb146-6f88-4c60-9377-aacda6fdd501"
"a7ba90f9-360c-4487-83d3-b498bbaebe8d","9d5cb30b-9470-4a3e-998c-89cb41acbc4e"
"ddc3a329-dce3-4f9a-9397-665a2ce84bcb","aa3fd2e8-715e-40a5-bf7c-d3c9cc60a1f6"
"877850f7-6599-433d-8401-ae919c0a7b83","ae32898f-ad62-4e9f-876b-060c3338af1e"
"e5bfaae3-a210-477f-83cf-260eeaa3fb41","c03deb82-d02f-4b90-8479-445452208eeb"
"cac1d1a1-7a8e-445a-a94b-d1c378cef58c","c2487b3d-d6cb-41df-b038-e6a6b44629d9"
"8fe23b3c-de24-491a-adbd-d192299d4554","c3fe400d-09b6-4624-ae52-56eda3bada57"
"cf539447-6d05-4c54-89ab-f7ab4c47b179","d5c32d18-0429-4bca-bbc1-a5e35a77b511"
"f4196fd1-1921-45c8-8ac1-8b46ce99bb7c","f0c8a1d2-ee8d-4398-8221-54fb58943920"
"c25b59fd-f266-44a9-a888-fcf26a0fbb5c","f94f60d5-66cf-48df-87a3-1599834f9623"
"f9e742ed-008d-4c88-8812-18d509f18562","f9d54f0c-813b-4ec5-9d5e-8cb9706bbd8c"
