"08fa49b8-5302-4b17-bb23-2b750fbe83ed","440bc3e1-1245-4b2d-989d-500736900fb2","9241d1e4-2ed4-4cc2-8a23-ec59f72b0b2f"
"0c55d1b9-654c-4110-b41a-a5a626f25edc","c0734870-2790-4d2a-80ba-e6b81c197e6f","96561ed5-d285-431f-88ec-13a78683544c"
"24d7eed9-dfa2-42d7-8ec3-cd0ac9b3664f","a3d0c0ac-5660-486e-8a44-be41cc61d2ee","3ef94f55-65b8-4c0c-ad56-912e2bdd81ef"
"481c18aa-eb7d-402c-8538-5fb6aaf9c00c","0cc0e137-1ae3-4412-b89c-b054e0eac2e0","ca506fc3-319b-4102-8ded-433454a43cb4"
"4e6986a4-40ae-4a0f-9d3f-52e409da8454","ab76ca59-bde4-4f16-ad18-8fe0739b8bc6","cb03916c-c17b-4bfb-bdda-5f106c11c2a8"
"5f418033-9c7b-4c94-aa79-4fab5a923196","e52e328f-8ffa-4835-bf0c-29a8a1a150a5","33aeffa5-a104-4828-b8f7-59aeeba90992"
"9c5a92b2-8499-44be-beec-afc661ce827f","7cbe4caf-9854-41fa-b014-7b3d5b742ce1","b68e9923-6d06-4034-a3c5-835e4bd4af32"
"a20d7e11-ba68-454b-94b4-e1867e2d2ec2","ca2b3394-8b83-4ddf-bf41-12bcac9d4164","82bae8c4-ca3b-4226-b15f-036d0a1d08d3"
"bd1c7306-de97-4fac-8e8f-047a4a1daa9a","c9ddf6a2-c073-460d-91d3-a7562729f31f","58f4c3a7-55b3-464e-8683-5621d73aa8a4"
"cc336617-a4ff-4d99-9cbc-416b70c304a1","98659c9a-2944-418d-a80c-f07302594000","04cc5651-b841-4635-8229-f4fb65b87e3a"
"dc4a0833-a5fd-4474-a22b-3e4f37a9b558","00937f67-cf26-49d8-942c-101b5c94535a","c9fdd0b6-de5b-427e-b0fc-794049da7149"
"fc261785-5e16-483e-8bca-2f66e5c86d79","c244f041-539f-42dc-80ef-c5b7cc887266","068cb100-6141-4bc2-9a91-b3c8f2d46104"
"fff4d4d6-eec7-4ec3-b97d-9f6f985423b3","6cb36577-4e3f-4e3c-8395-9022c00fc835","b78a25d5-ef38-4a0e-a1b0-17faa0408e7b"
