"04121e49-f1e0-470d-9c52-c23dec3b46da","c012bd9e-9f84-421b-9fd1-5e110a005eaf","","19880a8b-ebfe-4f7c-b892-859cbde6b898","fbb4a4bb-140e-4b35-bd48-e027677b6dd6"
"05874162-027d-449f-a6a5-668d73a5ccbc","0cc47708-6351-47ad-af68-c0e3a70f2c8d","","f371667e-8b98-4242-a1fd-544f9353de26","4a5b9b9f-6eed-4610-bc7d-4c81d0a34d69"
"2549cede-76b5-4492-809a-bdc90d09c57e","b4adb7a3-3e92-4608-9448-f79c456b424f","","f94b4c89-8a3f-4e8c-b17b-4cd9173cfc49","47466587-3966-4269-829c-f9867183c0ef"
"3902314f-b378-4932-9885-ebdc97158de3","6dea4a63-c9d8-41ba-8c01-94a299ae2b89","","3b05d875-b276-48c2-8435-3f9efa5e3e5d","f122cfda-cdb1-4cc3-bf63-68548c5bba7e"
"3d3cf06e-34ec-4227-a5d3-b14e6c0b095b","d84b4796-fb92-4d85-be8c-6abc01253092","","e8541bea-8f32-4936-bee3-60d0bd28b267","bbecd908-595c-41d5-9d2b-e62eda1af604"
"3e9ee348-1fa8-426f-8466-9b265bb0375c","b35e5dbd-e3f5-4a24-bf5f-c7870bb9bab9","","dcd54142-c74a-4745-b814-4d70bd68a320","ba9a9536-2428-4d4c-9c7e-e691247bb726"
"48920c3b-89bf-4fa3-92e9-13f158795bc6","f188ffe9-ba8c-45da-9520-565f65486ba1","","c49925c7-4aac-4bc5-a814-f23bbe166947","e6dabd4b-7767-4e4c-a9a0-58fb809050e4"
"540e2ef7-1209-49aa-8ad3-b899d648e587","a7dfade4-4ee8-40dd-9a1d-cc831d1d88bc","","c43ddd18-458a-44e7-b5e0-bdde9b56817e","5288eba4-79fc-4e87-ba10-93696f6d9869"
"607138c5-4297-4777-8022-36d2726903c6","af6dd19d-3544-4d5b-8dcf-27bac286fcde","","c54d0e06-a28f-409f-9c81-3d14110baa17","3d2065e4-bae4-413b-a4c9-a43c6406f1ce"
"6c87d060-4eec-4c08-9572-476c4a04e12d","dcc76cf0-dcd9-4f8e-ac51-24c1300322d8","","77ce5862-0a53-4f2b-acfa-3ea82ed72f13","a8e857b0-bb07-43b6-ae4c-ca7e43b3f7ab"
"7ec02add-a077-4089-8952-8635ec915b11","cd2492c3-ed09-4870-8536-3c5a074a1b74","","d7817582-bacf-42c7-a0d7-a55eb496ee0c","f971f2fb-df11-4fc6-b0ca-87e57ccdb07c"
"8c7fddfa-e42e-41b3-a7af-bcb3e9fbb920","cfa3cd94-b2f6-4920-ab5e-ca120db5ed80","","265205c1-3366-4329-961a-4636bda908c0","211b9c26-0993-428e-8f68-b82a1d7abfef"
"b08d4978-3679-416a-8cb1-2001506f4a79","14fa8d25-deb1-4f0e-9761-c83bb351a1bc","","50ea4c3d-ae49-49d7-8b97-70d9a92be86b","fc0886e8-c32d-4c97-ad7c-26e18207b4a8"
"c0f276bb-6fc2-4271-bec5-be9d43437f1c","352e5dfd-507a-4c6e-95b0-08877981f4ce","","fb6f398a-52d9-4b87-9682-37e2fb0ee260","7ee949f8-aaf2-4e48-aeeb-9a47d722440c"
"d3afc137-fcba-4d9c-851d-db5e93c66a15","d68f1bcf-a07a-4798-9645-de219a615a77","","0ef56b5b-faba-475c-870f-2a3eddad78c5","67df4b78-2ef0-4e46-8aa5-1aac07c35f5d"
"d40d6cef-f459-4c61-87fa-bdd9c09b1106","7775a9ce-ec8d-408f-b813-394e150535b0","","6d82e816-cd8f-4ad5-b4bf-f02e10382a96","1d6d1ed1-e9a5-4049-82d5-68add77d77b6"
"de44bc5d-6300-4a99-ad17-e2c9d7d1245c","73a699d1-0212-4939-877f-34d1dff5db2f","","fe5bc0e5-7401-406d-896b-2de6ea94d940","2eae7be5-d8ad-461d-bd30-e85b2877edc7"
"df56ae0b-7a96-400f-ac34-3470ff9a4c3d","53944f0c-d2cd-45ea-ad9c-a13fc3ae887d","","9d21377f-2bd9-4602-ae50-e8962fcc377a","f669925e-33f0-4df4-8df1-414fe009bf7c"
"ec929d29-641d-4968-be62-1933e56e4c20","6dcea8f5-cb59-4608-9aa7-f8115ac64ec4","","42de51d7-44dc-42f4-8cdc-cfd4b0c945c7","37d51a67-3c83-43cb-8a36-a4116ad405bb"
"f2665e88-9a89-48d2-b9de-553f8cd06eed","e0d134a0-6a59-4c1a-ab8e-c9f9e1af88d4","","02dccfe3-7bb1-4e76-8519-c8ba7c1d3492","e4dccc6a-88b2-4eb4-8e00-b00792b72516"
