"026d5343-ab42-4756-9ce1-e27e7dceb206","d2a48076-6881-40b3-90b5-770bbab584dc","e04bd638-ea91-40d8-a53f-951f90c3030d","fc261785-5e16-483e-8bca-2f66e5c86d79"
"1158cc85-61d7-4488-a816-6b04b7c60783","c350d0e3-b2db-4b18-86ef-0f7d24fc0e4d","811b58a1-d29f-4119-b794-be7925ad1344","bd1c7306-de97-4fac-8e8f-047a4a1daa9a"
"29cc2e07-a3b4-4ac8-a431-7e748d16c58a","706ba322-ac21-4739-8af5-fb76160b6ec1","5abf68a9-5e45-4921-b7d1-47a0ef0222eb","0c55d1b9-654c-4110-b41a-a5a626f25edc"
"30aba759-cf60-4c86-8e05-02eb13b19c74","3d0dabce-9c34-4936-8043-8c16f49d3b80","1950b5e3-2cc4-46c0-8cab-7352ae6fcc50","4e6986a4-40ae-4a0f-9d3f-52e409da8454"
"38c47bbb-5042-47d6-ac30-ef6b7e607b86","c3541948-8a94-4d41-b8c1-3cf038db414f","93e59a35-c1ef-4462-9ed4-af128df82c45","24d7eed9-dfa2-42d7-8ec3-cd0ac9b3664f"
"45fb96f2-d090-4695-816b-244624c62412","c99412a5-09ad-4fc0-81ea-76e1e6c9f6a1","a482361a-50ee-4380-b7a0-58520b55334d","dc4a0833-a5fd-4474-a22b-3e4f37a9b558"
"6746422d-3ca1-49b5-8f7f-cbfc7fea855b","bc98b763-db12-4e96-9388-fcb81df90f02","73754f87-6a60-4f1a-b033-a3eba7b8f8ac","fff4d4d6-eec7-4ec3-b97d-9f6f985423b3"
"7da658ac-5068-42eb-a8f0-fdbdb6897cca","e3f114bd-515d-4d89-bb9e-d0f7063bd43c","8a7eeee2-c0e0-460e-b95c-5e30efffca46","a20d7e11-ba68-454b-94b4-e1867e2d2ec2"
"8b499630-3334-41b1-aabf-382abdfe840a","870a9002-6ff4-4c9c-b971-1a5f0d42068d","eb5ecef0-6779-4a74-95f8-31814ea85eff","cc336617-a4ff-4d99-9cbc-416b70c304a1"
"911ce31a-a6ac-42d6-938b-d6c5dae61e26","58678f43-b9c3-4d4c-b8aa-107b82ee2df4","f9dfcbb3-35e0-448a-9248-d65753fc2878","08fa49b8-5302-4b17-bb23-2b750fbe83ed"
"b493d1de-bbf0-4cf7-97bc-f28d44c736f8","fb08d17e-df57-4b0c-a9f8-70d48a8b22eb","e9a5f914-443b-465d-9d06-016ba2c953cb","5f418033-9c7b-4c94-aa79-4fab5a923196"
"b95c42d9-ceba-4784-a089-68fe2be6fb62","42da2a11-4f91-475d-bbd4-a56f3d5de2c9","c0b84707-16ac-4d37-a059-10800bbd87ac","9c5a92b2-8499-44be-beec-afc661ce827f"
"c7d037bf-69ce-4174-80e0-6fb7cbfe5df3","c9ddbfc4-d36e-4cc0-9b53-65e0ef0907e5","65c851bf-2231-4c15-ac62-98c41c35795f","481c18aa-eb7d-402c-8538-5fb6aaf9c00c"
