"047733b7-be11-4051-9eb1-89eecfa7fd4a","","4806d020-db24-44f3-b739-c2dc49b35ed7"
"0eab2050-9291-4de8-b4d4-79d41d0dac72","","3e84b955-8dd1-4734-a334-68035203f07e"
"416909b7-6b02-408d-9c1f-0d4604d0260c","","83dac308-5a32-421a-93a6-42ba0f42d564"
"4f30aa1f-87f1-48bf-ae5f-b1d77e92ef69","","33f00cf8-c375-4a6c-89d3-6bd053cfddb6"
"629a12e5-8b2c-4344-9f12-64926b489f61","","9cf240b6-70ee-4a60-bdd6-180d778763f5"
"6db54c32-df9d-4ab0-b988-155cf0ede8e5","","5c8344b9-8241-440b-a757-7ef1fd1de59b"
"73362c93-671c-447b-8a45-017514ae823b","","bf580b1c-96ad-42ec-97ef-fc68f9c60fa9"
"75df9caf-50bc-4acc-b1aa-176984f0f13c","","1383ef91-81cd-4abe-8bc4-777559323966"
"782a7015-f53a-481e-a754-c0cc547bbced","","b7feb887-bef9-47a0-a4ad-c5e341586f67"
"8661a034-299b-4222-99d4-4f05be795b1e","","83c890c5-cd09-4e0a-91e5-05fc934d65b5"
"89686bb9-6ffd-40af-9ac7-ed2852e8793e","","b165bdf6-8393-43e7-a53c-dda38d336b18"
"b3d9c824-0f46-4cb3-b220-b3568f756bc4","","0c465b16-89ee-4d23-9283-02928f730439"
"dc90ce50-a22e-4eae-9a66-ea686f523340","","0e348a94-32ec-414a-9a6c-28ce6dc640c4"
